{
  "AuthenticationScheme" : "OAuth2",
  "Basic" : {
    "Username" : "",
    "Password" : "",
    "Realm" : "",
    "Hostname" : "",
    "UsePreEmptiveAuthentication" : false
  },
  "OAuth2" : {
    "GrantType" : "ClientCredentials",
    "ClientAuthenticationScheme" : "ClientSecret",
    "ClientId" : "25424744334023637551",
    "SendClientCredentialsAs" : "AuthorizationHeader",
    "ClientSecret" : "61623D761EB5D916F046A1ED82583552",
    "AccessToken" : {
      "Url" : "https://agilestudioclone.pega.com/prweb/PRRestService/oauth2/v1/token"
    },
    "SendAccessTokenAs" : "Header"
  },
  "Type" : "AuthenticationProfile",
  "Description" : "",
  "Reusability" : "Private",
  "SchemaVersion" : "0-0-1",
  "RuleResolutionID" : "AgileStudio",
  "Namespace" : "GoMechanic",
  "Name" : "AgileStudio"
}