{
  "Type" : "Automation",
  "Description" : "",
  "Reusability" : "Private",
  "SchemaVersion" : "0-0-1",
  "IsSystemAutomation" : false,
  "AppliesTo" : {
    "ReferenceID" : "Servicerequest",
    "Namespace" : "GoMechanic"
  },
  "Output" : {
    "Mode" : "",
    "Description" : ""
  },
  "RuleResolutionID" : "SetWonderfulWednesdayOfferMsg",
  "RuleSteps" : [ {
    "Id" : "_okdo6qn44",
    "Type" : "ActionWhen",
    "WhenType" : "Call",
    "Call" : {
      "Type" : "CallExpression",
      "CallType" : "When",
      "CallInputs" : [ ],
      "CallReference" : {
        "Type" : "RuleReference",
        "Namespace" : "GoMechanic",
        "ReferenceID" : "IsPickupDateAWednesday"
      },
      "CallResource" : {
        "Type" : "FieldReference",
        "Root" : {
          "Type" : "Variable",
          "Name" : "Primary"
        }
      }
    },
    "RuleSteps" : [ {
      "Id" : "_cb9noeopm",
      "Type" : "ActionSet",
      "Sets" : [ {
        "Id" : "_oq084nzia",
        "Target" : {
          "Type" : "FieldReference",
          "Root" : {
            "Type" : "Variable",
            "Name" : "Primary"
          },
          "Field" : {
            "Type" : "RuleReference",
            "Namespace" : "GoMechanic",
            "ReferenceID" : "WonderfulWednesdayOffer"
          }
        },
        "Source" : {
          "Type" : "ConstantText",
          "Value" : "It's a Wonderful Wednesday offer! We offer additional 2% discount on extra services. Also get one service for free on selecting more than 3 services"
        }
      }, {
        "Id" : "_44edqehpx",
        "Target" : {
          "Type" : "FieldReference",
          "Root" : {
            "Type" : "Variable",
            "Name" : "Primary"
          },
          "Field" : {
            "Type" : "RuleReference",
            "Namespace" : "GoMechanic",
            "ReferenceID" : "Count"
          }
        },
        "Source" : {
          "Type" : "ExpressionGroup",
          "ExpressionType" : "+",
          "Expressions" : [ {
            "Type" : "FieldReference",
            "Root" : {
              "Type" : "Variable",
              "Name" : "Primary"
            },
            "Field" : {
              "Type" : "RuleReference",
              "Namespace" : "GoMechanic",
              "ReferenceID" : "Count"
            }
          }, {
            "Type" : "ConstantInteger",
            "Value" : "1"
          } ]
        }
      } ]
    } ]
  } ],
  "Namespace" : "GoMechanic",
  "Name" : "Set wonderful wednesday offer msg"
}