{
  "Type" : "Automation",
  "Description" : "create automation in Purchase Request case",
  "Reusability" : "Private",
  "SchemaVersion" : "0-1-0",
  "IsSystemAutomation" : false,
  "AppliesTo" : {
    "ReferenceID" : "PurchaseRequest",
    "Namespace" : "GoMechanic"
  },
  "Output" : {
    "Mode" : "",
    "Description" : ""
  },
  "RuleResolutionID" : "CreateApprovePurchaseCase",
  "CallType" : "ResourceObject",
  "RuleSteps" : [ {
    "Id" : "_tuwcev8mt",
    "Type" : "ActionCreate",
    "ObjectType" : {
      "TypeReferenceID" : "ApprovePurchase",
      "Type" : "TypeReference",
      "Namespace" : "GoMechanic"
    },
    "VariableName" : "NewApprovePurchase",
    "RuleSteps" : [ {
      "Id" : "_qkmgru4ly",
      "Type" : "ActionSet",
      "Sets" : [ {
        "Id" : "_km25jmrzx",
        "Source" : {
          "Type" : "FieldReference",
          "Root" : {
            "Type" : "Variable",
            "Name" : "Primary"
          },
          "Field" : {
            "Type" : "RuleReference",
            "ReferenceID" : "PurchaseCost",
            "Namespace" : "GoMechanic"
          }
        },
        "Target" : {
          "Type" : "FieldReference",
          "Root" : {
            "Type" : "Variable",
            "Name" : "NewApprovePurchase"
          },
          "Field" : {
            "Type" : "RuleReference",
            "ReferenceID" : "TotalPurchaseCost",
            "Namespace" : "GoMechanic"
          }
        }
      }, {
        "Id" : "_p0q05obi8",
        "Target" : {
          "Type" : "FieldReference",
          "Root" : {
            "Type" : "Variable",
            "Name" : "NewApprovePurchase"
          },
          "Field" : {
            "Type" : "RuleReference",
            "ReferenceID" : "PurchaseRequestor",
            "Namespace" : "GoMechanic"
          }
        },
        "Source" : {
          "Type" : "FieldReference",
          "Root" : {
            "Type" : "Variable",
            "Name" : "Primary"
          },
          "Field" : {
            "Type" : "RuleReference",
            "ReferenceID" : "EmployeeName",
            "Namespace" : "GoMechanic"
          }
        }
      }, {
        "Id" : "_dmair7flz",
        "Target" : {
          "Type" : "FieldReference",
          "Root" : {
            "Type" : "Variable",
            "Name" : "NewApprovePurchase"
          },
          "ReferencePath" : [ {
            "Type" : "FieldReference",
            "Field" : {
              "Type" : "RuleReference",
              "ReferenceID" : "PurchaseRequest",
              "Namespace" : "GoMechanic"
            }
          } ],
          "Field" : {
            "Type" : "RuleReference",
            "ReferenceID" : "ID",
            "Namespace" : "PegaPlatform"
          }
        },
        "Source" : {
          "Type" : "FieldReference",
          "Root" : {
            "Type" : "Variable",
            "Name" : "Primary"
          },
          "Field" : {
            "Type" : "RuleReference",
            "ReferenceID" : "ID",
            "Namespace" : "PegaPlatform"
          }
        }
      } ]
    } ]
  } ],
  "Namespace" : "GoMechanic",
  "Name" : "Create Approve Purchase Case"
}