{
  "Type" : "Automation",
  "Description" : "Domless Create Approve Purchase Case",
  "Reusability" : "Private",
  "SchemaVersion" : "0-1-0",
  "IsSystemAutomation" : false,
  "Output" : {
    "Description" : "",
    "Mode" : ""
  },
  "AppliesTo" : {
    "ReferenceID" : "DomlessPurchaseRequest",
    "Namespace" : "GoMechanic"
  },
  "RuleResolutionID" : "DomlessCreateApprovePurchaseCase",
  "CallType" : "ResourceObject",
  "RuleSteps" : [ {
    "Id" : "_ls9m9jmon",
    "Type" : "ActionForEach",
    "VariableName" : "CurrentPage",
    "RuleSteps" : [ {
      "Id" : "_kzb6dpgvw",
      "Type" : "ActionCreate",
      "ObjectType" : {
        "TypeReferenceID" : "ApprovePurchase",
        "Type" : "TypeReference",
        "Namespace" : "GoMechanic"
      },
      "VariableName" : "NewApprovePurchase",
      "RuleSteps" : [ {
        "Id" : "_6qpzuyflj",
        "Type" : "ActionSet",
        "Sets" : [ {
          "Id" : "_5tyha4xli",
          "Source" : {
            "Type" : "FieldReference",
            "Root" : {
              "Name" : "Primary",
              "Type" : "Variable"
            },
            "Field" : {
              "ReferenceID" : "PurchaseCost",
              "Namespace" : "GoMechanic",
              "Type" : "RuleReference"
            }
          },
          "Target" : {
            "Type" : "FieldReference",
            "Root" : {
              "Name" : "NewApprovePurchase",
              "Type" : "Variable"
            },
            "Field" : {
              "ReferenceID" : "TotalPurchaseCost",
              "Namespace" : "GoMechanic",
              "Type" : "RuleReference"
            }
          }
        }, {
          "Id" : "_ou3xzasp9",
          "Target" : {
            "Type" : "FieldReference",
            "Root" : {
              "Name" : "NewApprovePurchase",
              "Type" : "Variable"
            },
            "Field" : {
              "ReferenceID" : "PurchaseRequestor",
              "Namespace" : "GoMechanic",
              "Type" : "RuleReference"
            }
          },
          "Source" : {
            "Type" : "FieldReference",
            "Root" : {
              "Name" : "Primary",
              "Type" : "Variable"
            },
            "Field" : {
              "ReferenceID" : "EmployeeName",
              "Namespace" : "GoMechanic",
              "Type" : "RuleReference"
            }
          }
        }, {
          "Id" : "_sijne1e7a",
          "Target" : {
            "Type" : "FieldReference",
            "Root" : {
              "Name" : "NewApprovePurchase",
              "Type" : "Variable"
            },
            "Field" : {
              "ReferenceID" : "ID",
              "Namespace" : "PegaPlatform",
              "Type" : "RuleReference"
            },
            "ReferencePath" : [ {
              "Field" : {
                "ReferenceID" : "DomlessPurchaseRequest",
                "Namespace" : "GoMechanic",
                "Type" : "RuleReference"
              },
              "Type" : "FieldReference"
            } ]
          },
          "Source" : {
            "Type" : "FieldReference",
            "Root" : {
              "Name" : "Primary",
              "Type" : "Variable"
            },
            "Field" : {
              "ReferenceID" : "ID",
              "Namespace" : "PegaPlatform",
              "Type" : "RuleReference"
            }
          }
        } ]
      } ]
    } ],
    "List" : {
      "Type" : "FieldReference",
      "Root" : {
        "Name" : "Primary",
        "Type" : "Variable"
      },
      "Field" : {
        "ReferenceID" : "PurchaserRef",
        "Namespace" : "GoMechanic",
        "Type" : "RuleReference"
      }
    }
  } ],
  "Namespace" : "GoMechanic",
  "Name" : "Domless Create Approve Purchase Case"
}