{
  "Description" : "",
  "Reusability" : "Private",
  "SchemaVersion" : "0-2-0",
  "IsSystemAutomation" : false,
  "AppliesTo" : {
    "ReferenceID" : "DomlessPurchaseRequest",
    "Namespace" : "GoMechanic"
  },
  "CallType" : "Library",
  "Namespace" : "GoMechanic",
  "Name" : "Context Free Domless Purchase Request",
  "Type" : "Automation",
  "Output" : {
    "Description" : "",
    "Mode" : ""
  },
  "RuleResolutionID" : "ContextFreeDomlessPurchaseRequest",
  "RuleSteps" : [ {
    "Id" : "_p2prkrgng",
    "Type" : "ActionForEach",
    "VariableName" : "CurrentPage",
    "RuleSteps" : [ {
      "Id" : "_rlr2nj0hb",
      "Type" : "ActionCreate",
      "ObjectType" : {
        "TypeReferenceID" : "ApprovePurchase",
        "Type" : "TypeReference",
        "Namespace" : "GoMechanic"
      },
      "VariableName" : "NewApprovePurchase",
      "RuleSteps" : [ {
        "Id" : "_5pvzd4hbf",
        "Type" : "ActionSet",
        "Sets" : [ {
          "Id" : "_o9uzm2agb",
          "Source" : {
            "Type" : "Variable",
            "Name" : "DomlessPurchaseRequest"
          },
          "Target" : {
            "Type" : "FieldReference",
            "Root" : {
              "Name" : "NewApprovePurchase",
              "Type" : "Variable"
            },
            "Field" : {
              "ReferenceID" : "ID",
              "Namespace" : "PegaPlatform",
              "Type" : "RuleReference"
            },
            "ReferencePath" : [ {
              "Field" : {
                "ReferenceID" : "DomlessPurchaseRequest",
                "Namespace" : "GoMechanic",
                "Type" : "RuleReference"
              },
              "Type" : "FieldReference"
            } ]
          }
        }, {
          "Id" : "_lxh55k4ha",
          "Target" : {
            "Type" : "FieldReference",
            "Root" : {
              "Name" : "NewApprovePurchase",
              "Type" : "Variable"
            },
            "Field" : {
              "ReferenceID" : "PurchaseRequestor",
              "Namespace" : "GoMechanic",
              "Type" : "RuleReference"
            }
          },
          "Source" : {
            "Type" : "Variable",
            "Name" : "Employee Name"
          }
        }, {
          "Id" : "_sfggq1rem",
          "Target" : {
            "Type" : "FieldReference",
            "Root" : {
              "Name" : "NewApprovePurchase",
              "Type" : "Variable"
            },
            "Field" : {
              "ReferenceID" : "TotalPurchaseCost",
              "Namespace" : "GoMechanic",
              "Type" : "RuleReference"
            }
          },
          "Source" : {
            "Type" : "Variable",
            "Name" : "Purchase Cost"
          }
        } ]
      } ]
    } ],
    "List" : {
      "Type" : "Variable",
      "Name" : "PurchaserRef"
    }
  } ],
  "Inputs" : [ {
    "Mode" : "SingleRecord",
    "Required" : "true",
    "Name" : "DomlessPurchaseRequest",
    "Description" : "Domless Purchase Request Obj",
    "ObjectType" : {
      "TypeReferenceID" : "Text",
      "Namespace" : "PegaPlatform",
      "Type" : "TypeReference",
      "Format" : {
        "ReferenceID" : "Text",
        "Namespace" : "PegaPlatform",
        "Type" : "RuleReference"
      }
    },
    "Type" : ""
  }, {
    "Mode" : "SingleRecord",
    "Required" : "true",
    "Name" : "PurchaserRef",
    "Description" : "Purchaser Reference to Purchaser Data Page",
    "ObjectType" : {
      "TypeReferenceID" : "List",
      "Type" : "TypeReference",
      "Namespace" : "PegaPlatform",
      "TypeArguments" : [ {
        "TypeReferenceID" : "Purchaser",
        "Namespace" : "GoMechanic",
        "Type" : "TypeReference"
      } ]
    },
    "Type" : ""
  }, {
    "Mode" : "SingleRecord",
    "Required" : "true",
    "Name" : "Employee Name",
    "Description" : "Employee Name",
    "ObjectType" : {
      "TypeReferenceID" : "Text",
      "Namespace" : "PegaPlatform",
      "Type" : "TypeReference",
      "Format" : {
        "ReferenceID" : "Text",
        "Namespace" : "PegaPlatform",
        "Type" : "RuleReference"
      }
    },
    "Type" : ""
  }, {
    "Mode" : "SingleRecord",
    "Required" : "true",
    "Name" : "Purchase Cost",
    "Description" : "Purchase Cost",
    "ObjectType" : {
      "TypeReferenceID" : "Decimal",
      "Namespace" : "PegaPlatform",
      "Type" : "TypeReference",
      "Format" : {
        "ReferenceID" : "Currency",
        "Namespace" : "PegaPlatform",
        "Type" : "RuleReference"
      }
    },
    "Type" : ""
  } ]
}