{
  "Description" : "",
  "Reusability" : "Private",
  "SchemaVersion" : "0-0-1",
  "IsSystemAutomation" : false,
  "AppliesTo" : {
    "ReferenceID" : "Servicedealer",
    "Namespace" : "GoMechanic"
  },
  "CallType" : "ResourceObject",
  "Namespace" : "GoMechanic",
  "Name" : "Count of selected services",
  "Type" : "Automation",
  "Locals" : [ {
    "Mode" : "SingleRecord",
    "Name" : "Count",
    "Description" : "Count",
    "ObjectType" : {
      "TypeReferenceID" : "Integer",
      "Namespace" : "PegaPlatform",
      "Type" : "TypeReference"
    }
  } ],
  "Output" : {
    "Description" : "",
    "Mode" : "SingleRecord",
    "ObjectType" : {
      "TypeReferenceID" : "Integer",
      "Namespace" : "PegaPlatform",
      "Type" : "TypeReference"
    }
  },
  "RuleResolutionID" : "CountOfSelectedServices",
  "RuleSteps" : [ {
    "Id" : "_smjguy0rt",
    "Type" : "ActionForEach",
    "VariableName" : "service",
    "RuleSteps" : [ {
      "Id" : "_kswrqacum",
      "Type" : "ActionWhen",
      "WhenType" : "Call",
      "Call" : {
        "Type" : "FieldReference",
        "Root" : {
          "Type" : "Variable",
          "Name" : "service"
        },
        "Field" : {
          "Type" : "RuleReference",
          "ReferenceID" : "ServiceSelected",
          "Namespace" : "GoMechanic"
        }
      },
      "RuleSteps" : [ {
        "Id" : "_0u8icndkp",
        "Type" : "ActionSet",
        "Sets" : [ {
          "Id" : "_lawyhfbkb",
          "Target" : {
            "Type" : "Variable",
            "Name" : "Count"
          },
          "Source" : {
            "Type" : "ExpressionGroup",
            "ExpressionType" : "+",
            "Expressions" : [ {
              "Type" : "Variable",
              "Name" : "Count"
            }, {
              "Type" : "ConstantInteger",
              "Value" : "1"
            } ]
          }
        } ]
      } ]
    } ],
    "List" : {
      "Type" : "FieldReference",
      "Root" : {
        "Type" : "Variable",
        "Name" : "Primary"
      },
      "Field" : {
        "Type" : "RuleReference",
        "ReferenceID" : "ServicesProvided",
        "Namespace" : "GoMechanic"
      }
    }
  }, {
    "Id" : "_ulohep7kb",
    "Type" : "ActionReturn",
    "Source" : {
      "Type" : "Variable",
      "Name" : "Count"
    }
  } ]
}