{
  "Description" : "Extra service selected",
  "Reusability" : "Private",
  "SchemaVersion" : "0-0-1",
  "IsSystemAutomation" : false,
  "AppliesTo" : {
    "ReferenceID" : "ExtraServices",
    "Namespace" : "GoMechanic"
  },
  "CallType" : "ResourceObject",
  "Namespace" : "GoMechanic",
  "Name" : "Extra service selected",
  "Locals" : [ {
    "Name" : "Price",
    "Mode" : "Decimal",
    "Description" : "Price",
    "Type" : ""
  } ],
  "Type" : "Automation",
  "Output" : {
    "Mode" : "Decimal"
  },
  "RuleResolutionID" : "ExtraServiceSelected",
  "RuleSteps" : [ {
    "Id" : "_2hw096gan",
    "Type" : "ActionWhen",
    "WhenType" : "Call",
    "Call" : {
      "Type" : "FieldReference",
      "Root" : {
        "Type" : "Variable",
        "Name" : "Primary"
      },
      "Field" : {
        "Type" : "RuleReference",
        "ReferenceID" : "ServiceSelected",
        "Namespace" : "GoMechanic"
      }
    },
    "RuleSteps" : [ {
      "Id" : "_wif0ps4gl",
      "Type" : "ActionSet",
      "Sets" : [ {
        "Id" : "_ta4l8d0yk",
        "Target" : {
          "Type" : "Variable",
          "Name" : "Price"
        },
        "Source" : {
          "Type" : "FieldReference",
          "Root" : {
            "Type" : "Variable",
            "Name" : "Primary"
          },
          "Field" : {
            "Type" : "RuleReference",
            "Namespace" : "GoMechanic",
            "ReferenceID" : "FinalPrice"
          }
        }
      } ]
    } ]
  }, {
    "Id" : "_crflhpybp",
    "Type" : "ActionReturn",
    "Source" : {
      "Type" : "Variable",
      "Name" : "Price"
    }
  } ]
}