{
  "Type" : "Automation",
  "Description" : "",
  "Reusability" : "PublicMayReuse",
  "SchemaVersion" : "0-0-1",
  "IsSystemAutomation" : false,
  "AppliesTo" : {
    "ReferenceID" : "Servicerequest",
    "Namespace" : "GoMechanic"
  },
  "Output" : {
    "Mode" : "",
    "Description" : ""
  },
  "RuleResolutionID" : "SetContactDetails",
  "RuleSteps" : [ {
    "Id" : "_dzh0bf92x",
    "Type" : "ActionSet",
    "Sets" : [ {
      "Id" : "_zeodhi6d0",
      "Source" : {
        "Type" : "FieldReference",
        "Root" : {
          "Type" : "Variable",
          "Name" : "Primary"
        },
        "Field" : {
          "Type" : "RuleReference",
          "Namespace" : "PegaPlatform",
          "ReferenceID" : "CreateUserID"
        }
      },
      "Target" : {
        "Type" : "FieldReference",
        "Root" : {
          "Type" : "Variable",
          "Name" : "Primary"
        },
        "Field" : {
          "Type" : "RuleReference",
          "Namespace" : "GoMechanic",
          "ReferenceID" : "EmailID"
        }
      }
    }, {
      "Id" : "_affbpi5sd",
      "Target" : {
        "Type" : "FieldReference",
        "Root" : {
          "Type" : "Variable",
          "Name" : "Primary"
        },
        "Field" : {
          "Type" : "RuleReference",
          "Namespace" : "GoMechanic",
          "ReferenceID" : "VehiclePickupDate"
        }
      },
      "Source" : {
        "Type" : "CallExpression",
        "CallType" : "Function",
        "CallReference" : {
          "Type" : "RuleReference",
          "Namespace" : "PegaPlatform",
          "ReferenceID" : "Today",
          "ReferenceScope" : {
            "Type" : "RuleReference",
            "Namespace" : "PegaPlatform",
            "ReferenceID" : "Date"
          }
        }
      }
    } ]
  } ],
  "Namespace" : "GoMechanic",
  "Name" : "Set contact details"
}