{
  "Type" : "Automation",
  "Description" : "",
  "Reusability" : "Private",
  "SchemaVersion" : "0-0-1",
  "IsSystemAutomation" : false,
  "AppliesTo" : {
    "ReferenceID" : "Servicerequest",
    "Namespace" : "GoMechanic"
  },
  "Output" : {
    "Mode" : ""
  },
  "RuleResolutionID" : "SetTurnaroundDays",
  "RuleSteps" : [ {
    "Id" : "_b6gm7u9hz",
    "Type" : "ActionWhen",
    "WhenType" : "Call",
    "Call" : {
      "Type" : "CallExpression",
      "CallType" : "When",
      "CallInputs" : [ ],
      "CallReference" : {
        "Type" : "RuleReference",
        "Namespace" : "GoMechanic",
        "ReferenceID" : "PickupDateEmpty"
      },
      "CallResource" : {
        "Type" : "FieldReference",
        "Root" : {
          "Type" : "Variable",
          "Name" : "Primary"
        }
      }
    },
    "RuleSteps" : [ {
      "Id" : "_k6yewdmh7",
      "Type" : "ActionSet",
      "Sets" : [ {
        "Id" : "_98x0c8jpx",
        "Target" : {
          "Type" : "FieldReference",
          "Root" : {
            "Type" : "Variable",
            "Name" : "Primary"
          },
          "Field" : {
            "Type" : "RuleReference",
            "Namespace" : "GoMechanic",
            "ReferenceID" : "DaysBetweenPickupAndDrop"
          }
        },
        "Source" : {
          "Type" : "CallExpression",
          "CallType" : "Function",
          "CallReference" : {
            "Type" : "RuleReference",
            "Namespace" : "PegaPlatform",
            "ReferenceID" : "DaysBetween",
            "ReferenceScope" : {
              "Type" : "RuleReference",
              "Namespace" : "PegaPlatform",
              "ReferenceID" : "Date"
            }
          },
          "CallInputs" : [ {
            "Type" : "CallInput",
            "ParameterName" : "Param0",
            "Source" : {
              "Type" : "FieldReference",
              "Root" : {
                "Type" : "Variable",
                "Name" : "Primary"
              },
              "Field" : {
                "Type" : "RuleReference",
                "Namespace" : "GoMechanic",
                "ReferenceID" : "VehiclePickupDate"
              }
            }
          }, {
            "Type" : "CallInput",
            "ParameterName" : "Param1",
            "Source" : {
              "Type" : "FieldReference",
              "Root" : {
                "Type" : "Variable",
                "Name" : "Primary"
              },
              "Field" : {
                "Type" : "RuleReference",
                "Namespace" : "GoMechanic",
                "ReferenceID" : "VehicleDropDate"
              }
            }
          } ]
        }
      } ]
    } ]
  } ],
  "Namespace" : "GoMechanic",
  "Name" : "Set turnaround days"
}