{
  "Type" : "Automation",
  "Description" : "",
  "Reusability" : "Private",
  "SchemaVersion" : "0-0-1",
  "IsSystemAutomation" : false,
  "Output" : {
    "Description" : "",
    "Mode" : "SingleRecord",
    "ObjectType" : {
      "Value" : "WorkQueue",
      "Type" : "ReferableRuleType"
    }
  },
  "AppliesTo" : {
    "ReferenceID" : "Service",
    "Namespace" : "GoMechanic"
  },
  "RuleResolutionID" : "SetQueueForService",
  "CallType" : "ResourceObject",
  "RuleSteps" : [ {
    "Id" : "_z735jx4w7",
    "Type" : "ActionWhen",
    "WhenType" : "Call",
    "Call" : {
      "Type" : "ExpressionGroup",
      "ExpressionType" : "==",
      "Expressions" : [ {
        "Type" : "FieldReference",
        "Root" : {
          "Type" : "Variable",
          "Name" : "Primary"
        },
        "ReferencePath" : [ {
          "Type" : "FieldReference",
          "Field" : {
            "Type" : "RuleReference",
            "Namespace" : "GoMechanic",
            "ReferenceID" : "ServiceRequest"
          }
        } ],
        "Field" : {
          "Type" : "RuleReference",
          "Namespace" : "GoMechanic",
          "ReferenceID" : "UserIssue"
        }
      }, {
        "Type" : "ConstantText",
        "Value" : "Other"
      } ]
    },
    "RuleSteps" : [ {
      "Id" : "_y1wdynlad",
      "Type" : "ActionReturn",
      "Source" : {
        "Type" : "ConstantRuleReference",
        "RuleType" : "WorkQueue",
        "ReferencedRule" : {
          "Type" : "RuleReference",
          "Namespace" : "GoMechanic",
          "ReferenceID" : "ServiceRequestWQ"
        }
      }
    } ]
  }, {
    "Id" : "_14oklqv06",
    "Type" : "ActionReturn",
    "Source" : {
      "Type" : "ConstantRuleReference",
      "RuleType" : "WorkQueue",
      "ReferencedRule" : {
        "Type" : "RuleReference",
        "Namespace" : "GoMechanic",
        "ReferenceID" : "SOSTeamQueue"
      }
    }
  } ],
  "Namespace" : "GoMechanic",
  "Name" : "Set queue for service"
}