{
  "Type" : "Automation",
  "Reusability" : "Private",
  "SchemaVersion" : "0-0-1",
  "IsSystemAutomation" : false,
  "AppliesTo" : {
    "ReferenceID" : "ExtraServices",
    "Namespace" : "GoMechanic"
  },
  "Output" : {
    "Mode" : "Decimal"
  },
  "RuleResolutionID" : "SetDiscountedPrice",
  "RuleSteps" : [ {
    "Id" : "_a94d73mfc",
    "Type" : "ActionWhen",
    "WhenType" : "Call",
    "Call" : {
      "Type" : "Variable",
      "Name" : "ApplyDiscount"
    },
    "RuleSteps" : [ {
      "Id" : "_uwy47yzmp",
      "Type" : "ActionReturn",
      "Source" : {
        "Type" : "ExpressionGroup",
        "ExpressionType" : "*",
        "Expressions" : [ {
          "Type" : "FieldReference",
          "Root" : {
            "Type" : "Variable",
            "Name" : "Primary"
          },
          "Field" : {
            "Type" : "RuleReference",
            "Namespace" : "GoMechanic",
            "ReferenceID" : "ServicePrice"
          }
        }, {
          "Type" : "ConstantDouble",
          "Value" : "0.95"
        } ]
      }
    } ],
    "Source" : {
      "Type" : "FieldReference",
      "Root" : {
        "Type" : "Variable",
        "Name" : "Primary"
      },
      "ReferencePath" : [ ],
      "Field" : {
        "Type" : "RuleReference",
        "Namespace" : "GoMechanic",
        "ReferenceID" : "DiscountMultplier"
      }
    }
  }, {
    "Id" : "_l8ly32d5v",
    "Type" : "ActionReturn",
    "Source" : {
      "Type" : "FieldReference",
      "Root" : {
        "Type" : "Variable",
        "Name" : "Primary"
      },
      "ReferencePath" : [ ],
      "Field" : {
        "Type" : "RuleReference",
        "Namespace" : "GoMechanic",
        "ReferenceID" : "ServicePrice"
      }
    }
  } ],
  "Inputs" : [ {
    "Name" : "ApplyDiscount",
    "Description" : "ApplyDiscount",
    "Mode" : "Boolean",
    "Required" : "true",
    "Type" : "",
    "DefaultValue" : ""
  } ],
  "Namespace" : "GoMechanic",
  "Name" : "Set discounted price"
}