{
  "Type" : "Automation",
  "Description" : "Invoice details",
  "Reusability" : "Private",
  "SchemaVersion" : "0-0-1",
  "IsSystemAutomation" : false,
  "AppliesTo" : {
    "ReferenceID" : "Servicerequest",
    "Namespace" : "GoMechanic"
  },
  "Output" : {
    "Mode" : ""
  },
  "RuleResolutionID" : "PrintReceipt",
  "RuleSteps" : [ {
    "Id" : "_8mwjw8umh",
    "Type" : "ActionSet",
    "Sets" : [ {
      "Id" : "_21x6zwmn5",
      "Target" : {
        "Type" : "FieldReference",
        "Root" : {
          "Type" : "Variable",
          "Name" : "Primary"
        },
        "Field" : {
          "Type" : "RuleReference",
          "Namespace" : "GoMechanic",
          "ReferenceID" : "ServiceDetails"
        }
      },
      "Source" : {
        "Type" : "CallExpression",
        "CallType" : "Function",
        "CallReference" : {
          "Type" : "RuleReference",
          "Namespace" : "PegaPlatform",
          "ReferenceID" : "Trim",
          "ReferenceScope" : {
            "Type" : "RuleReference",
            "Namespace" : "PegaPlatform",
            "ReferenceID" : "Text"
          }
        },
        "CallInputs" : [ {
          "Type" : "CallInput",
          "ParameterName" : "Param0",
          "Source" : {
            "Type" : "FieldReference",
            "Root" : {
              "Type" : "Variable",
              "Name" : "Primary"
            },
            "Field" : {
              "Type" : "RuleReference",
              "Namespace" : "GoMechanic",
              "ReferenceID" : "ServiceDetails"
            }
          }
        } ]
      }
    }, {
      "Id" : "_u3a3mnpin",
      "Source" : {
        "Type" : "CallExpression",
        "CallType" : "Function",
        "CallReference" : {
          "Type" : "RuleReference",
          "Namespace" : "PegaPlatform",
          "ReferenceID" : "ToUpperCase",
          "ReferenceScope" : {
            "Type" : "RuleReference",
            "Namespace" : "PegaPlatform",
            "ReferenceID" : "Text"
          }
        },
        "CallInputs" : [ {
          "Type" : "CallInput",
          "ParameterName" : "Param0",
          "Source" : {
            "Type" : "CallExpression",
            "CallType" : "Function",
            "CallReference" : {
              "Type" : "RuleReference",
              "Namespace" : "PegaPlatform",
              "ReferenceID" : "WhatComesAfterFirst",
              "ReferenceScope" : {
                "Type" : "RuleReference",
                "Namespace" : "PegaPlatform",
                "ReferenceID" : "Text"
              }
            },
            "CallInputs" : [ {
              "Type" : "CallInput",
              "ParameterName" : "Param0",
              "Source" : {
                "Type" : "FieldReference",
                "Root" : {
                  "Type" : "Variable",
                  "Name" : "Primary"
                },
                "Field" : {
                  "Type" : "RuleReference",
                  "Namespace" : "GoMechanic",
                  "ReferenceID" : "FullName2"
                }
              }
            }, {
              "Type" : "CallInput",
              "ParameterName" : "Param1",
              "Source" : {
                "Type" : "ConstantText",
                "Value" : " "
              }
            } ]
          }
        } ]
      },
      "Target" : {
        "Type" : "FieldReference",
        "Root" : {
          "Type" : "Variable",
          "Name" : "Primary"
        },
        "Field" : {
          "Type" : "RuleReference",
          "Namespace" : "GoMechanic",
          "ReferenceID" : "LastName"
        }
      }
    } ]
  }, {
    "Id" : "_pd6dyqncw",
    "Type" : "ActionCall",
    "Call" : {
      "Type" : "CallExpression",
      "CallType" : "Automation",
      "CallInputs" : [ ],
      "CallReference" : {
        "Type" : "RuleReference",
        "Namespace" : "GoMechanic",
        "ReferenceID" : "SetTurnaroundDays"
      },
      "CallResource" : {
        "Type" : "FieldReference",
        "Root" : {
          "Type" : "Variable",
          "Name" : "Primary"
        }
      }
    }
  } ],
  "Namespace" : "GoMechanic",
  "Name" : "Invoice details"
}