{
  "Description" : "",
  "Reusability" : "Private",
  "SchemaVersion" : "0-0-1",
  "IsSystemAutomation" : false,
  "AppliesTo" : {
    "ReferenceID" : "Servicerequest",
    "Namespace" : "GoMechanic"
  },
  "CallType" : "ResourceObject",
  "Namespace" : "GoMechanic",
  "Name" : "Custom Function Automation",
  "Type" : "Automation",
  "Output" : {
    "Description" : "",
    "Mode" : "SingleRecord",
    "ObjectType" : {
      "TypeReferenceID" : "Text",
      "Namespace" : "PegaPlatform",
      "Type" : "TypeReference"
    }
  },
  "RuleResolutionID" : "CustomFunctionAutomation",
  "RuleSteps" : [ {
    "Id" : "_wq43ay83o",
    "Type" : "ActionSet",
    "Sets" : [ {
      "Id" : "_tky7lztow",
      "Target" : {
        "Type" : "FieldReference",
        "Root" : {
          "Type" : "Variable",
          "Name" : "Primary"
        },
        "Field" : {
          "Type" : "RuleReference",
          "ReferenceID" : "CustomFunctionTextHolder",
          "Namespace" : "GoMechanic"
        }
      },
      "Source" : {
        "Type" : "CallExpression",
        "CallType" : "Function",
        "CallReference" : {
          "Type" : "RuleReference",
          "ReferenceID" : "CMJCustomFunction",
          "Namespace" : "GoMechanic",
          "ReferenceScope" : {
            "Type" : "RuleReference",
            "ReferenceID" : "Servicerequest",
            "Namespace" : "GoMechanic"
          }
        },
        "CallInputs" : [ {
          "Type" : "CallInput",
          "ParameterName" : "param1",
          "Source" : {
            "Type" : "Variable",
            "Name" : "param1"
          }
        }, {
          "Type" : "CallInput",
          "ParameterName" : "param2",
          "Source" : {
            "Type" : "Variable",
            "Name" : "param2"
          }
        } ]
      }
    } ]
  }, {
    "Id" : "_pqeygnzc8",
    "Type" : "ActionReturn",
    "Source" : {
      "Type" : "FieldReference",
      "Root" : {
        "Type" : "Variable",
        "Name" : "Primary"
      },
      "Field" : {
        "Type" : "RuleReference",
        "ReferenceID" : "CustomFunctionTextHolder",
        "Namespace" : "GoMechanic"
      }
    }
  } ],
  "Inputs" : [ {
    "Mode" : "SingleRecord",
    "Required" : "true",
    "Name" : "param1",
    "Description" : "first parameter",
    "ObjectType" : {
      "TypeReferenceID" : "Text",
      "Namespace" : "PegaPlatform",
      "Type" : "TypeReference"
    }
  }, {
    "Mode" : "SingleRecord",
    "Required" : "true",
    "Name" : "param2",
    "Description" : "first parameter",
    "ObjectType" : {
      "TypeReferenceID" : "Text",
      "Namespace" : "PegaPlatform",
      "Type" : "TypeReference"
    }
  } ]
}