{
  "Description" : "",
  "Reusability" : "Private",
  "SchemaVersion" : "0-0-1",
  "IsSystemAutomation" : false,
  "AppliesTo" : {
    "ReferenceID" : "Service",
    "Namespace" : "GoMechanic"
  },
  "CallType" : "ResourceObject",
  "Namespace" : "GoMechanic",
  "Name" : "Set initial routing for a service",
  "Locals" : [ {
    "Mode" : "SingleRecord",
    "Name" : "Userref",
    "ObjectType" : {
      "TypeReferenceID" : "User",
      "Namespace" : "PegaPlatform",
      "Type" : "TypeReference"
    },
    "Description" : "Userref"
  } ],
  "Type" : "Automation",
  "Output" : {
    "Description" : "",
    "Mode" : "SingleRecord",
    "ObjectType" : {
      "TypeReferenceID" : "User",
      "Type" : "TypeReference",
      "Namespace" : "PegaPlatform"
    }
  },
  "RuleResolutionID" : "SetInitialRoutingForAService",
  "RuleSteps" : [ {
    "Id" : "_ibijps3zw",
    "Type" : "ActionSet",
    "Sets" : [ {
      "Id" : "_5y8muadb8",
      "Target" : {
        "Type" : "Variable",
        "Name" : "Userref"
      },
      "Source" : {
        "Type" : "FieldReference",
        "Root" : {
          "Type" : "Variable",
          "Name" : "Primary"
        },
        "ReferencePath" : [ {
          "Type" : "FieldReference",
          "Field" : {
            "Type" : "RuleReference",
            "Namespace" : "GoMechanic",
            "ReferenceID" : "ServiceDealer"
          }
        } ],
        "Field" : {
          "Type" : "RuleReference",
          "Namespace" : "GoMechanic",
          "ReferenceID" : "CurrentActiveMechanic"
        }
      }
    } ]
  }, {
    "Id" : "_7yj22e1sw",
    "Type" : "ActionWhen",
    "WhenType" : "Call",
    "Call" : {
      "Type" : "ExpressionGroup",
      "ExpressionType" : "==",
      "Expressions" : [ {
        "Type" : "FieldReference",
        "Root" : {
          "Type" : "Variable",
          "Name" : "Primary"
        },
        "ReferencePath" : [ {
          "Type" : "FieldReference",
          "Field" : {
            "Type" : "RuleReference",
            "Namespace" : "GoMechanic",
            "ReferenceID" : "ServiceRequest"
          }
        } ],
        "Field" : {
          "Type" : "RuleReference",
          "Namespace" : "GoMechanic",
          "ReferenceID" : "UserIssue"
        }
      }, {
        "Type" : "ConstantText",
        "Value" : "Other"
      } ]
    },
    "RuleSteps" : [ {
      "Id" : "_324zvtd19",
      "Type" : "ActionSet",
      "Sets" : [ {
        "Id" : "_08xj7c04a",
        "Target" : {
          "Type" : "Variable",
          "Name" : "Userref"
        },
        "Source" : {
          "Type" : "FieldReference",
          "Root" : {
            "Type" : "Variable",
            "Name" : "Primary"
          },
          "ReferencePath" : [ {
            "Type" : "FieldReference",
            "Field" : {
              "Type" : "RuleReference",
              "Namespace" : "GoMechanic",
              "ReferenceID" : "ServiceDealer"
            }
          } ],
          "Field" : {
            "Type" : "RuleReference",
            "Namespace" : "GoMechanic",
            "ReferenceID" : "DealerAdmin"
          }
        }
      } ]
    } ]
  }, {
    "Id" : "_7jrf4okng",
    "Type" : "ActionReturn",
    "Source" : {
      "Type" : "Variable",
      "Name" : "Userref"
    }
  } ]
}