{
  "Type" : "Automation",
  "Description" : "",
  "Reusability" : "Private",
  "SchemaVersion" : "0-0-1",
  "IsSystemAutomation" : false,
  "AppliesTo" : {
    "ReferenceID" : "ExtraServices",
    "Namespace" : "GoMechanic"
  },
  "Output" : {
    "Mode" : ""
  },
  "RuleResolutionID" : "ExtraServicesDiscountMultiplier",
  "RuleSteps" : [ {
    "Id" : "_oj89iiwnw",
    "Type" : "ActionSet",
    "Sets" : [ {
      "Id" : "_pytxx85jo",
      "Target" : {
        "Type" : "FieldReference",
        "Root" : {
          "Type" : "Variable",
          "Name" : "Primary"
        },
        "Field" : {
          "Type" : "RuleReference",
          "Namespace" : "GoMechanic",
          "ReferenceID" : "ServicePrice"
        }
      },
      "Source" : {
        "Type" : "ConstantDecimal",
        "Value" : 1
      }
    } ]
  } ],
  "Inputs" : [ ],
  "Namespace" : "GoMechanic",
  "Name" : "Extra services discount multiplier"
}