{
  "Type" : "Correspondence",
  "Description" : "Correspondence_CMJ",
  "Reusability" : "Private",
  "Message" : "<p>This correspondence rule is used to test CMJ</p>",
  "SchemaVersion" : "0-0-2",
  "CorrespondenceType" : "Email",
  "AppliesTo" : {
    "ReferenceID" : "Servicerequest",
    "Namespace" : "GoMechanic"
  },
  "RuleResolutionID" : "TestCorr",
  "AuthoringMode" : "Rich text editor",
  "Subject" : {
    "Type" : "ConstantText",
    "Value" : "New Send Email CMJ"
  },
  "Namespace" : "GoMechanic",
  "Name" : "Correspondence_CMJ"
}