{
  "Type" : "ConfigurationSet",
  "Description" : "InitializeSRSet",
  "Reusability" : "PublicMayReuse",
  "SchemaVersion" : "0-0-1",
  "RuleResolutionID" : "InitializeSRSet",
  "RuleBasedConfigurations" : [ {
    "RuleType" : "Automation",
    "ReferencedRule" : {
      "ReferenceID" : "InitializeServiceRequest",
      "ReferenceScope" : {
        "ReferenceID" : "Servicerequest",
        "Namespace" : "GoMechanic"
      },
      "Namespace" : "GoMechanic"
    },
    "Description" : "initialize SR"
  } ],
  "Namespace" : "GoMechanic",
  "Name" : "InitializeSRSet"
}