{
  "Goal" : {
    "Actions" : [ {
      "ExecutionContext" : "Task",
      "Automation" : {
        "CallType" : "Automation",
        "CallInputs" : [ {
          "ParameterName" : "IncrementUrgencyBy",
          "Source" : {
            "Type" : "ConstantInteger",
            "Value" : 10
          }
        } ],
        "CallReference" : {
          "Type" : "RuleReference",
          "ReferenceID" : "UpdateTaskUrgency",
          "Namespace" : "PegaPlatform"
        }
      }
    }, {
      "ExecutionContext" : "Task",
      "Automation" : {
        "CallType" : "Automation",
        "CallInputs" : [ {
          "ParameterName" : "IncrementUrgencyBy",
          "Source" : {
            "Type" : "ConstantInteger",
            "Value" : 15
          }
        } ],
        "CallReference" : {
          "Type" : "RuleReference",
          "ReferenceID" : "UpdateTaskUrgency",
          "Namespace" : "PegaPlatform"
        }
      }
    } ],
    "Duration" : {
      "Type" : "ConstantInteger",
      "Value" : 1
    }
  },
  "Type" : "ServiceLevelAgreement",
  "Description" : "AdditionalServicesSLA",
  "Reusability" : "Private",
  "SLAType" : "Task",
  "SchemaVersion" : "1-0-0",
  "AppliesTo" : {
    "ReferenceID" : "Servicerequest",
    "Namespace" : "GoMechanic"
  },
  "Deadline" : {
    "Actions" : [ {
      "ExecutionContext" : "Task",
      "Automation" : {
        "CallType" : "Automation",
        "CallInputs" : [ {
          "ParameterName" : "IncrementUrgencyBy",
          "Source" : {
            "Type" : "ConstantInteger",
            "Value" : 20
          }
        } ],
        "CallReference" : {
          "Type" : "RuleReference",
          "ReferenceID" : "UpdateTaskUrgency",
          "Namespace" : "PegaPlatform"
        }
      }
    } ],
    "Duration" : {
      "Type" : "ConstantInteger",
      "Value" : 2
    }
  },
  "RuleResolutionID" : "AdditionalServicesSLA",
  "DurationUnit" : "Minutes",
  "Namespace" : "GoMechanic",
  "Name" : "AdditionalServicesSLA"
}