{
  "Goal" : {
    "Actions" : [ {
      "ExecutionContext" : "Task",
      "Automation" : {
        "CallType" : "Automation",
        "CallInputs" : [ {
          "ParameterName" : "IncrementUrgencyBy",
          "Source" : {
            "Type" : "ConstantInteger",
            "Value" : 10
          }
        } ],
        "CallReference" : {
          "Type" : "RuleReference",
          "ReferenceID" : "UpdateTaskUrgency",
          "Namespace" : "PegaPlatform"
        }
      }
    }, {
      "ExecutionContext" : "Case",
      "Automation" : {
        "CallReference" : {
          "ReferenceID" : "SendCustomEmail",
          "Namespace" : "PegaPlatform"
        },
        "CallType" : "Automation",
        "CallInputs" : [ {
          "ParameterName" : "From",
          "Source" : {
            "Type" : "ConstantRuleReference",
            "RuleType" : "EmailAccount",
            "ReferencedRule" : {
              "ReferenceID" : "Default",
              "Type" : "RuleReference",
              "Namespace" : "GoMechanic"
            }
          }
        }, {
          "ParameterName" : "To",
          "Source" : {
            "Type" : "FieldReference",
            "Root" : {
              "Type" : "Variable",
              "Name" : "Primary"
            },
            "Field" : {
              "Type" : "RuleReference",
              "ReferenceID" : "EmailID",
              "Namespace" : "GoMechanic"
            }
          }
        }, {
          "ParameterName" : "Subject",
          "Source" : {
            "Type" : "ConstantText",
            "Value" : "SLA goal expired"
          }
        }, {
          "ParameterName" : "Body",
          "Source" : {
            "Type" : "ConstantText",
            "Value" : "SLA goal expired"
          }
        } ]
      }
    } ],
    "Duration" : {
      "Type" : "ConstantInteger",
      "Value" : 1
    }
  },
  "Type" : "ServiceLevelAgreement",
  "Description" : "ServiceCompletionSLA",
  "Reusability" : "Private",
  "SLAType" : "Task",
  "SchemaVersion" : "1-0-0",
  "Deadline" : {
    "Actions" : [ {
      "ExecutionContext" : "Task",
      "Automation" : {
        "CallType" : "Automation",
        "CallInputs" : [ {
          "ParameterName" : "IncrementUrgencyBy",
          "Source" : {
            "Type" : "ConstantInteger",
            "Value" : 20
          }
        } ],
        "CallReference" : {
          "Type" : "RuleReference",
          "ReferenceID" : "UpdateTaskUrgency",
          "Namespace" : "PegaPlatform"
        }
      }
    }, {
      "ExecutionContext" : "Case",
      "Automation" : {
        "CallReference" : {
          "ReferenceID" : "SendCustomEmail",
          "Namespace" : "PegaPlatform"
        },
        "CallType" : "Automation",
        "CallInputs" : [ {
          "ParameterName" : "From",
          "Source" : {
            "Type" : "ConstantRuleReference",
            "RuleType" : "EmailAccount",
            "ReferencedRule" : {
              "ReferenceID" : "Default",
              "Type" : "RuleReference",
              "Namespace" : "GoMechanic"
            }
          }
        }, {
          "ParameterName" : "To",
          "Source" : {
            "Type" : "FieldReference",
            "Root" : {
              "Type" : "Variable",
              "Name" : "Primary"
            },
            "Field" : {
              "Type" : "RuleReference",
              "ReferenceID" : "EmailID",
              "Namespace" : "GoMechanic"
            }
          }
        }, {
          "ParameterName" : "Subject",
          "Source" : {
            "Type" : "ConstantText",
            "Value" : "SLA deadline expired"
          }
        }, {
          "ParameterName" : "Body",
          "Source" : {
            "Type" : "ConstantText",
            "Value" : "SLA deadline expired"
          }
        } ]
      }
    } ],
    "Duration" : {
      "Type" : "ConstantInteger",
      "Value" : 2
    }
  },
  "AppliesTo" : {
    "ReferenceID" : "Servicerequest",
    "Namespace" : "GoMechanic"
  },
  "RuleResolutionID" : "ServiceCompletionSLA",
  "DurationUnit" : "Minutes",
  "Namespace" : "GoMechanic",
  "Name" : "ServiceCompletionSLA"
}