{
  "Goal" : {
    "Actions" : [ {
      "ExecutionContext" : "Case",
      "Automation" : {
        "CallType" : "Automation",
        "CallInputs" : [ {
          "ParameterName" : "IncrementUrgencyBy",
          "Source" : {
            "Type" : "ConstantInteger",
            "Value" : 10
          }
        } ],
        "CallReference" : {
          "Type" : "RuleReference",
          "ReferenceID" : "UpdateCaseUrgency",
          "Namespace" : "PegaPlatform"
        }
      }
    }, {
      "ExecutionContext" : "Case",
      "Automation" : {
        "CallType" : "Automation",
        "CallInputs" : [ ],
        "CallReference" : {
          "Type" : "RuleReference",
          "ReferenceID" : "SendEscalationMail",
          "Namespace" : "GoMechanic"
        }
      }
    } ],
    "Duration" : {
      "Type" : "ConstantInteger",
      "Value" : 6
    }
  },
  "Type" : "ServiceLevelAgreement",
  "Reusability" : "Private",
  "SLAType" : "Case",
  "Description" : "Service request SLA",
  "SchemaVersion" : "1-0-0",
  "DurationUnit" : "Minutes",
  "Deadline" : {
    "Actions" : [ {
      "ExecutionContext" : "Case",
      "Automation" : {
        "CallType" : "Automation",
        "CallInputs" : [ {
          "ParameterName" : "IncrementUrgencyBy",
          "Source" : {
            "Type" : "ConstantInteger",
            "Value" : -15
          }
        } ],
        "CallReference" : {
          "Type" : "RuleReference",
          "ReferenceID" : "UpdateCaseUrgency",
          "Namespace" : "PegaPlatform"
        }
      }
    } ],
    "Duration" : {
      "Type" : "ConstantInteger",
      "Value" : 8
    }
  },
  "AppliesTo" : {
    "ReferenceID" : "Servicerequest",
    "Namespace" : "GoMechanic"
  },
  "RuleResolutionID" : "ServiceRequestSLA",
  "Namespace" : "GoMechanic",
  "Name" : "Service request SLA"
}