{
  "Type" : "AccessControlPolicyCondition",
  "Description" : "",
  "Reusability" : "Private",
  "SchemaVersion" : "1-0-0",
  "Filter" : {
    "ExpressionType" : "",
    "Expressions" : [ {
      "Type" : "Condition",
      "OperandOne" : {
        "Type" : "FieldReference",
        "Root" : {
          "Type" : "Variable",
          "Name" : "Primary"
        },
        "Field" : {
          "Type" : "RuleReference",
          "ReferenceID" : "EmailID",
          "Namespace" : "GoMechanic"
        }
      },
      "Comparator" : "!=",
      "OperandTwo" : {
        "Type" : "ConstantText",
        "Value" : "dummy@email.com"
      }
    } ],
    "Type" : "ExpressionGroup"
  },
  "AppliesTo" : {
    "ReferenceID" : "Servicerequest",
    "Namespace" : "GoMechanic"
  },
  "RuleResolutionID" : "Project_Access",
  "Namespace" : "GoMechanic",
  "Name" : "Project_Access"
}