{
  "Type" : "AccessRole",
  "Reusability" : "PublicMayOverride",
  "SchemaVersion" : "1-0-0",
  "PreviewOnly" : false,
  "RuleResolutionID" : "EndUserRole",
  "ObjectPrivilegesList" : [ {
    "ObjectType" : {
      "ReferenceID" : "ServiceRequest",
      "ReferenceScope" : {
        "ReferenceID" : "Servicerequest",
        "Namespace" : "GoMechanic"
      },
      "Namespace" : "GoMechanic"
    },
    "Update" : true,
    "Read" : true,
    "Create" : true,
    "ActionAccess" : "PerformAll"
  }, {
    "ObjectType" : {
      "ReferenceID" : "Service",
      "ReferenceScope" : {
        "ReferenceID" : "Service",
        "Namespace" : "GoMechanic"
      },
      "Namespace" : "GoMechanic"
    },
    "Update" : true,
    "Read" : true,
    "Create" : true,
    "ActionAccess" : "PerformAll"
  }, {
    "ObjectType" : {
      "ReferenceID" : "ServiceDealer",
      "ReferenceScope" : {
        "ReferenceID" : "Servicedealer",
        "Namespace" : "GoMechanic"
      },
      "Namespace" : "GoMechanic"
    },
    "Update" : true,
    "Read" : true,
    "Create" : true,
    "ActionAccess" : "PerformAll"
  }, {
    "ObjectType" : {
      "ReferenceID" : "ExternalUserRouting",
      "ReferenceScope" : {
        "ReferenceID" : "ExternalUserRouting",
        "Namespace" : "GoMechanic"
      },
      "Namespace" : "GoMechanic"
    },
    "Update" : true,
    "Read" : true,
    "Create" : true,
    "ActionAccess" : "PerformAll"
  }, {
    "ObjectType" : {
      "ReferenceID" : "Country",
      "ReferenceScope" : {
        "ReferenceID" : "Country",
        "Namespace" : "PegaPlatform"
      },
      "Namespace" : "PegaPlatform"
    },
    "Update" : true,
    "Read" : true,
    "Create" : true,
    "ActionAccess" : "PerformAll"
  }, {
    "ObjectType" : {
      "ReferenceID" : "ProblemCase",
      "ReferenceScope" : {
        "ReferenceID" : "ProblemCase",
        "Namespace" : "GoMechanic"
      },
      "Namespace" : "GoMechanic"
    },
    "Update" : true,
    "Read" : true,
    "Create" : true,
    "ActionAccess" : "PerformAll"
  }, {
    "ObjectType" : {
      "ReferenceID" : "ProblemRemediation",
      "ReferenceScope" : {
        "ReferenceID" : "ProblemRemediation",
        "Namespace" : "PegaPlatform"
      },
      "Namespace" : "PegaPlatform"
    },
    "Update" : false,
    "Read" : true,
    "Create" : false
  }, {
    "ObjectType" : {
      "ReferenceID" : "Invoice",
      "ReferenceScope" : {
        "ReferenceID" : "Invoice",
        "Namespace" : "GoMechanic"
      },
      "Namespace" : "GoMechanic"
    },
    "Update" : true,
    "Read" : true,
    "Create" : true,
    "ActionAccess" : "PerformAll"
  }, {
    "ObjectType" : {
      "ReferenceID" : "PurchaseRequest",
      "ReferenceScope" : {
        "ReferenceID" : "PurchaseRequest",
        "Namespace" : "GoMechanic"
      },
      "Namespace" : "GoMechanic"
    },
    "Update" : true,
    "Read" : true,
    "Create" : true,
    "ActionAccess" : "PerformAll"
  }, {
    "ObjectType" : {
      "ReferenceID" : "ApprovePurchase",
      "ReferenceScope" : {
        "ReferenceID" : "ApprovePurchase",
        "Namespace" : "GoMechanic"
      },
      "Namespace" : "GoMechanic"
    },
    "Update" : true,
    "Read" : true,
    "Create" : true,
    "ActionAccess" : "PerformAll"
  }, {
    "ObjectType" : {
      "ReferenceID" : "Purchaser",
      "ReferenceScope" : {
        "ReferenceID" : "Purchaser",
        "Namespace" : "GoMechanic"
      },
      "Namespace" : "GoMechanic"
    },
    "Update" : true,
    "Read" : true,
    "Create" : true,
    "ActionAccess" : "PerformAll"
  }, {
    "ObjectType" : {
      "ReferenceID" : "DomlessPurchaseRequest",
      "Namespace" : "GoMechanic",
      "ReferenceScope" : {
        "ReferenceID" : "DomlessPurchaseRequest",
        "Namespace" : "GoMechanic"
      }
    },
    "Update" : true,
    "Read" : true,
    "Create" : true,
    "ActionAccess" : "PerformAll"
  } ],
  "ListOfAROs" : [ {
    "AccessClass" : {
      "ReferenceID" : "Servicerequest",
      "Namespace" : "GoMechanic"
    },
    "ReadInstances" : true,
    "WriteInstances" : true,
    "DeleteInstances" : true
  }, {
    "AccessClass" : {
      "ReferenceID" : "History-Servicerequest",
      "Namespace" : "GoMechanic"
    },
    "ReadInstances" : true,
    "WriteInstances" : true,
    "DeleteInstances" : true
  }, {
    "AccessClass" : {
      "ReferenceID" : "Data-Portal",
      "Namespace" : "PegaPlatform"
    },
    "ReadInstances" : true,
    "WriteInstances" : true,
    "DeleteInstances" : true
  }, {
    "AccessClass" : {
      "ReferenceID" : "Case",
      "Namespace" : "PegaPlatform"
    },
    "ReadInstances" : true,
    "WriteInstances" : true,
    "DeleteInstances" : true
  }, {
    "AccessClass" : {
      "ReferenceID" : "Object",
      "Namespace" : "PegaPlatform"
    },
    "ReadInstances" : true,
    "WriteInstances" : true,
    "DeleteInstances" : true
  }, {
    "AccessClass" : {
      "ReferenceID" : "Data-Admin-Operator-ID"
    },
    "ReadInstances" : true,
    "WriteInstances" : true,
    "DeleteInstances" : true
  }, {
    "AccessClass" : {
      "ReferenceID" : "History",
      "Namespace" : "PegaPlatform"
    },
    "ReadInstances" : true,
    "WriteInstances" : true,
    "DeleteInstances" : true
  } ],
  "Namespace" : "GoMechanic",
  "Name" : "EndUserRole"
}