{
  "DisplayAs" : "ObjectReference",
  "Reusability" : "Private",
  "SchemaVersion" : "0-2-0",
  "RecordClass" : {
    "ReferenceID" : "CarMakers",
    "Namespace" : "GoMechanic"
  },
  "AppliesTo" : {
    "ReferenceID" : "Service",
    "Namespace" : "GoMechanic"
  },
  "Mode" : "SingleRecord",
  "RelationshipType" : "Peer",
  "Namespace" : "GoMechanic",
  "Name" : "Car make",
  "DataAccess" : "Refer",
  "DataSource" : {
    "CallType" : "DataPage",
    "CallReference" : {
      "ReferenceID" : "GetCarMakerName",
      "Namespace" : "GoMechanic"
    },
    "CallInputs" : [ {
      "Source" : {
        "Value" : "Honda",
        "Type" : "ConstantText"
      },
      "ParameterName" : "pyID"
    } ]
  },
  "Type" : "Field",
  "RuleResolutionID" : "CarMake"
}