{
  "IsCalculated" : true,
  "Type" : "Field",
  "Description" : "Current Date And Time",
  "Reusability" : "Private",
  "SchemaVersion" : "0-2-0",
  "AppliesTo" : {
    "ReferenceID" : "Servicerequest",
    "Namespace" : "GoMechanic"
  },
  "RuleResolutionID" : "CurrentDateAndTime",
  "Mode" : "DateTime",
  "CalculatedValue" : {
    "CallType" : "Decision",
    "CallReference" : {
      "ReferenceID" : "GetCurrentDateAndTime",
      "Namespace" : "GoMechanic"
    },
    "CallInputs" : [ ]
  },
  "Namespace" : "GoMechanic",
  "Name" : "CurrentDateAndTime"
}