{
  "DisplayAs" : "EmbeddedData",
  "Description" : "child reference",
  "Reusability" : "Private",
  "SchemaVersion" : "0-2-6",
  "RecordClass" : {
    "ReferenceID" : "ApprovePurchase",
    "Namespace" : "GoMechanic"
  },
  "AppliesTo" : {
    "ReferenceID" : "PurchaseRequest",
    "Namespace" : "GoMechanic"
  },
  "Mode" : "ListOfRecords",
  "RelationshipType" : "Child",
  "PairedField" : {
    "ReferenceID" : "PurchaseRequest",
    "ReferenceScope" : {
      "ReferenceID" : "ApprovePurchase",
      "Namespace" : "GoMechanic"
    },
    "Namespace" : "GoMechanic"
  },
  "Namespace" : "GoMechanic",
  "Name" : "Approve Purchase",
  "IsCalculated" : true,
  "Type" : "Field",
  "RuleResolutionID" : "ApprovePurchase",
  "CalculatedValue" : {
    "CallType" : "Decision",
    "CallInputs" : [ ],
    "CallReference" : {
      "ReferenceID" : "ApprovePurchaseListByPurchaseRequestId",
      "Namespace" : "GoMechanic"
    }
  }
}