{
  "DisplayAs" : "Dropdown",
  "Description" : "",
  "Reusability" : "Private",
  "SchemaVersion" : "0-2-0",
  "AppliesTo" : {
    "ReferenceID" : "Servicerequest",
    "Namespace" : "GoMechanic"
  },
  "Mode" : "Text",
  "SourceType" : "PromptList",
  "Source" : {
    "Type" : "KeyValuePairSource",
    "KeyValuePairs" : [ {
      "Key" : {
        "Value" : "Hyundai",
        "Type" : "ConstantText"
      },
      "Value" : {
        "Value" : "Hyundai",
        "Type" : "ConstantText"
      },
      "Type" : "KeyValuePair"
    }, {
      "Key" : {
        "Value" : "Honda",
        "Type" : "ConstantText"
      },
      "Value" : {
        "Value" : "Honda",
        "Type" : "ConstantText"
      },
      "Type" : "KeyValuePair"
    } ]
  },
  "Namespace" : "GoMechanic",
  "Name" : "Make",
  "IsCalculated" : false,
  "Type" : "Field",
  "RuleResolutionID" : "Make"
}