{
  "IsCalculated" : true,
  "Type" : "Field",
  "Description" : "LengthOfDescription",
  "Reusability" : "Private",
  "SchemaVersion" : "0-2-0",
  "AppliesTo" : {
    "ReferenceID" : "Servicerequest",
    "Namespace" : "GoMechanic"
  },
  "RuleResolutionID" : "LengthOfDescription",
  "Mode" : "Integer",
  "CalculatedValue" : {
    "CallType" : "Decision",
    "CallReference" : {
      "ReferenceID" : "LengthOfDescriptionText",
      "Namespace" : "GoMechanic"
    },
    "CallInputs" : [ ]
  },
  "Namespace" : "GoMechanic",
  "Name" : "Length Of Description"
}