{
  "DisplayAs" : "ObjectReference",
  "Description" : "This field holds the reference to a Domless Purchase Request instance.",
  "Reusability" : "Private",
  "SchemaVersion" : "0-2-6",
  "RecordClass" : {
    "ReferenceID" : "DomlessPurchaseRequest",
    "Namespace" : "GoMechanic"
  },
  "AppliesTo" : {
    "ReferenceID" : "History-DomlessPurchaseRequest",
    "Namespace" : "GoMechanic"
  },
  "Mode" : "SingleRecord",
  "RelationshipType" : "Peer",
  "Namespace" : "GoMechanic",
  "Name" : "Domless Purchase Request Reference",
  "DataAccess" : "Refer",
  "DataSource" : {
    "CallReference" : {
      "ReferenceID" : "DomlessPurchaseRequestLookup",
      "ReferenceScope" : {
        "ReferenceID" : "DomlessPurchaseRequest",
        "Namespace" : "GoMechanic"
      },
      "Namespace" : "GoMechanic"
    },
    "CallType" : "DataPage",
    "CallInputs" : [ {
      "ParameterName" : "ID",
      "Source" : {
        "Type" : "FieldReference",
        "Root" : {
          "Type" : "Variable",
          "Name" : "Current"
        },
        "Field" : {
          "Type" : "RuleReference",
          "ReferenceID" : "ID",
          "Namespace" : "PegaPlatform"
        }
      }
    } ]
  },
  "Type" : "Field",
  "RuleResolutionID" : "ObjectReference"
}