{
  "DisplayAs" : "Dropdown",
  "Type" : "Field",
  "Description" : "review and place order",
  "Reusability" : "Private",
  "SchemaVersion" : "0-2-6",
  "AppliesTo" : {
    "ReferenceID" : "PurchaseRequest",
    "Namespace" : "GoMechanic"
  },
  "Mode" : "Text",
  "SourceType" : "PromptList",
  "RuleResolutionID" : "PlacePurchaseOrder",
  "Source" : {
    "Type" : "KeyValuePairSource",
    "KeyValuePairs" : [ {
      "Key" : {
        "Type" : "ConstantText",
        "Value" : "yes"
      },
      "Value" : {
        "Type" : "ConstantText",
        "Value" : "Yes"
      }
    }, {
      "Key" : {
        "Type" : "ConstantText",
        "Value" : "no"
      },
      "Value" : {
        "Type" : "ConstantText",
        "Value" : "No"
      }
    } ]
  },
  "Namespace" : "GoMechanic",
  "Name" : "Place Purchase Order"
}