{
  "DisplayAs" : "Currency",
  "IsCalculated" : true,
  "Type" : "Field",
  "Description" : "",
  "Reusability" : "Private",
  "SchemaVersion" : "0-2-6",
  "AppliesTo" : {
    "ReferenceID" : "PurchaseRequest",
    "Namespace" : "GoMechanic"
  },
  "RuleResolutionID" : "PurchaseCost",
  "Mode" : "Decimal",
  "CalculatedValue" : {
    "CallReference" : {
      "ReferenceID" : "PurchaseCost",
      "Namespace" : "GoMechanic"
    },
    "CallType" : "Decision"
  },
  "Namespace" : "GoMechanic",
  "Name" : "Purchase Cost"
}