{
  "DisplayAs" : "ObjectReference",
  "Description" : "",
  "Reusability" : "Private",
  "SchemaVersion" : "0-2-6",
  "RecordClass" : {
    "ReferenceID" : "Purchaser",
    "Namespace" : "GoMechanic"
  },
  "AppliesTo" : {
    "ReferenceID" : "DomlessPurchaseRequest",
    "Namespace" : "GoMechanic"
  },
  "Mode" : "ListOfRecords",
  "RelationshipType" : "Peer",
  "Namespace" : "GoMechanic",
  "Name" : "Purchaser Ref",
  "DataAccess" : "Refer",
  "DataSource" : {
    "CallReference" : {
      "ReferenceID" : "PurchaserLookup",
      "Namespace" : "GoMechanic",
      "ReferenceScope" : {
        "ReferenceID" : "Purchaser",
        "Namespace" : "GoMechanic"
      }
    },
    "CallType" : "DataPage",
    "CallInputs" : [ {
      "ParameterName" : "ID",
      "Source" : {
        "Type" : "FieldReference",
        "Root" : {
          "Type" : "Variable",
          "Name" : "Current"
        },
        "Field" : {
          "Type" : "RuleReference",
          "Namespace" : "PegaPlatform",
          "ReferenceID" : "ID"
        }
      }
    } ]
  },
  "Type" : "Field",
  "RuleResolutionID" : "PurchaserRef"
}