{
  "Type" : "When",
  "Description" : "IsPaintingSelected",
  "Reusability" : "Private",
  "SchemaVersion" : "0-1-0",
  "ExpressionGroup" : {
    "Type" : "ExpressionGroup",
    "ExpressionType" : "AND",
    "Expressions" : [ {
      "Type" : "Condition",
      "OperandOne" : {
        "Type" : "FieldReference",
        "Root" : {
          "Type" : "Variable",
          "Name" : "Primary"
        },
        "Field" : {
          "Type" : "RuleReference",
          "ReferenceID" : "ServiceSelected",
          "Namespace" : "GoMechanic"
        }
      },
      "Comparator" : "==",
      "OperandTwo" : {
        "Type" : "ConstantBoolean",
        "Value" : true
      }
    }, {
      "Type" : "Condition",
      "OperandOne" : {
        "Type" : "FieldReference",
        "Root" : {
          "Type" : "Variable",
          "Name" : "Primary"
        },
        "Field" : {
          "Type" : "RuleReference",
          "ReferenceID" : "ServiceType",
          "Namespace" : "GoMechanic"
        }
      },
      "Comparator" : "==",
      "OperandTwo" : {
        "Type" : "ConstantText",
        "Value" : "Painting"
      }
    }, {
      "Type" : "Condition",
      "OperandOne" : {
        "Type" : "CallExpression",
        "CallInputs" : [ {
          "ParameterName" : "Param0",
          "Source" : {
            "CallReference" : {
              "Type" : "RuleReference",
              "Namespace" : "PegaPlatform",
              "ReferenceID" : "Today",
              "ReferenceScope" : {
                "ReferenceID" : "Date",
                "Namespace" : "PegaPlatform",
                "Type" : "RuleReference"
              }
            },
            "CallType" : "Function",
            "Type" : "CallExpression"
          },
          "Type" : "CallInput"
        } ],
        "CallReference" : {
          "Type" : "RuleReference",
          "Namespace" : "PegaPlatform",
          "ReferenceID" : "Month",
          "ReferenceScope" : {
            "ReferenceID" : "Date",
            "Namespace" : "PegaPlatform",
            "Type" : "RuleReference"
          }
        },
        "CallType" : "Function"
      },
      "Comparator" : "==",
      "OperandTwo" : {
        "Type" : "ConstantInteger",
        "Value" : 0
      }
    } ]
  },
  "RuleResolutionID" : "IsPaintingSelected",
  "AppliesTo" : {
    "Namespace" : "GoMechanic",
    "ReferenceID" : "ExtraServices"
  },
  "Namespace" : "GoMechanic",
  "Name" : "IsPaintingSelected"
}