{
  "Type" : "When",
  "Description" : "",
  "Reusability" : "PublicMayReuse",
  "SchemaVersion" : "0-0-1",
  "ExpressionGroup" : {
    "ExpressionType" : "",
    "Expressions" : [ {
      "Type" : "Condition",
      "OperandOne" : {
        "Type" : "CallExpression",
        "CallType" : "Function",
        "CallReference" : {
          "Type" : "RuleReference",
          "ReferenceID" : "DayOfWeek",
          "ReferenceScope" : {
            "Type" : "RuleReference",
            "ReferenceID" : "Date",
            "Namespace" : "PegaPlatform"
          },
          "Namespace" : "PegaPlatform"
        },
        "CallInputs" : [ {
          "Type" : "CallInput",
          "ParameterName" : "Param0",
          "Source" : {
            "Type" : "FieldReference",
            "Root" : {
              "Type" : "Variable",
              "Name" : "Primary"
            },
            "Field" : {
              "Type" : "RuleReference",
              "ReferenceID" : "VehiclePickupDate",
              "Namespace" : "GoMechanic"
            }
          }
        } ]
      },
      "Comparator" : "==",
      "OperandTwo" : {
        "Value" : 3,
        "Type" : "ConstantInteger"
      }
    } ],
    "Type" : "ExpressionGroup"
  },
  "AppliesTo" : {
    "ReferenceID" : "Servicerequest",
    "Namespace" : "GoMechanic"
  },
  "RuleResolutionID" : "IsPickupDateAWednesday",
  "Namespace" : "GoMechanic",
  "Name" : "Is pickup date a wednesday"
}