{
  "Type" : "When",
  "Description" : "",
  "Reusability" : "Private",
  "SchemaVersion" : "0-0-1",
  "ExpressionGroup" : {
    "ExpressionType" : "AND",
    "Expressions" : [ {
      "Type" : "Condition",
      "OperandOne" : {
        "Type" : "CallExpression",
        "CallType" : "Automation",
        "CallReference" : {
          "ReferenceID" : "IsNull"
        },
        "CallInputs" : [ {
          "ParameterName" : "Field",
          "Source" : {
            "Type" : "FieldReference",
            "Root" : {
              "Type" : "Variable",
              "Name" : "Primary"
            },
            "Field" : {
              "ReferenceID" : "VehiclePickupDate",
              "Type" : "RuleReference",
              "Namespace" : "GoMechanic"
            }
          }
        } ]
      },
      "Comparator" : "!=",
      "OperandTwo" : {
        "Value" : true,
        "Type" : "ConstantBoolean"
      }
    }, {
      "Type" : "Condition",
      "OperandOne" : {
        "Type" : "CallExpression",
        "CallType" : "Automation",
        "CallReference" : {
          "ReferenceID" : "IsNull"
        },
        "CallInputs" : [ {
          "ParameterName" : "Field",
          "Source" : {
            "Type" : "FieldReference",
            "Root" : {
              "Type" : "Variable",
              "Name" : "Primary"
            },
            "Field" : {
              "ReferenceID" : "VehicleDropDate",
              "Type" : "RuleReference",
              "Namespace" : "GoMechanic"
            }
          }
        } ]
      },
      "Comparator" : "!=",
      "OperandTwo" : {
        "Value" : true,
        "Type" : "ConstantBoolean"
      }
    } ],
    "Type" : "ExpressionGroup"
  },
  "AppliesTo" : {
    "ReferenceID" : "Servicerequest",
    "Namespace" : "GoMechanic"
  },
  "RuleResolutionID" : "PickupDateEmpty",
  "Namespace" : "GoMechanic",
  "Name" : "Pickup date empty"
}