{
  "SecurityType" : "STARTTLS",
  "Reusability" : "Private",
  "Description" : "this is a gmail smtp account that can be used for sending emails",
  "SchemaVersion" : "0-1-0",
  "Port" : 587,
  "Namespace" : "GoMechanic",
  "EmailAddress" : "karatetest.sendemail@gmail.com",
  "Name" : "gmail_account",
  "ReplyTo" : "karatetest.sendemail@gmail.com",
  "SenderProtocol" : "",
  "Type" : "EmailAccount",
  "EmailProvider" : "Gmail",
  "RuleResolutionID" : "ghorh_gmail_account_adoption",
  "DisplayName" : "karatetest.sendemail@gmail.com",
  "UserPrincipalName" : "",
  "AuthenticationProfile" : {
    "ReferenceID" : "gmail_auth",
    "Namespace" : "GoMechanic"
  },
  "SMTPHost" : "smtp.gmail.com"
}