{
  "SecurityType" : "STARTTLS",
  "Reusability" : "Private",
  "Description" : "Override this rule with valid details for sending email notifications from pulse.",
  "SchemaVersion" : "0-1-0",
  "Port" : 587,
  "Namespace" : "PegaPlatform",
  "EmailAddress" : "test@test.com",
  "Name" : "PulseNotifications",
  "ReplyTo" : "test@test.com",
  "SenderProtocol" : "Microsoft Graph",
  "Type" : "EmailAccount",
  "EmailProvider" : "MicrosoftOffice365",
  "RuleResolutionID" : "PulseNotifications",
  "DisplayName" : "Pulse Launchpad",
  "UserPrincipalName" : "karateintegtest@pega.com",
  "AuthenticationProfile" : {
    "ReferenceID" : "karateintegauth",
    "Namespace" : "GoMechanic"
  },
  "SMTPHost" : "smtp-mail.outlook.com"
}