{
  "SecurityType" : "STARTTLS",
  "Reusability" : "Private",
  "Description" : "",
  "SchemaVersion" : "0-1-0",
  "Port" : 587,
  "Namespace" : "GoMechanic",
  "EmailAddress" : "karatetest.sendemail@gmail.com",
  "Name" : "Default",
  "ReplyTo" : "karatetest.sendemail@gmail.com",
  "SenderProtocol" : "Microsoft Graph",
  "Type" : "EmailAccount",
  "EmailProvider" : "MicrosoftOffice365",
  "RuleResolutionID" : "Default",
  "DisplayName" : "karatetest.sendemail@gmail.com",
  "UserPrincipalName" : "karateintegtest@pega.com",
  "AuthenticationProfile" : {
    "ReferenceID" : "karateintegauth",
    "Namespace" : "GoMechanic"
  },
  "SMTPHost" : "smtp.gmail.com"
}