{
  "Type" : "Action",
  "Description" : "",
  "Reusability" : "Private",
  "SchemaVersion" : "0-0-1",
  "Validate" : {
    "CallReference" : {
      "ReferenceID" : "CreateSRValidation",
      "Namespace" : "GoMechanic"
    },
    "CallType" : "Validation",
    "CallInputs" : [ ]
  },
  "AppliesTo" : {
    "ReferenceID" : "Servicerequest",
    "Namespace" : "GoMechanic"
  },
  "RuleResolutionID" : "CreateSR",
  "View" : {
    "ReferenceID" : "CreateServiceRequest",
    "Namespace" : "GoMechanic"
  },
  "Namespace" : "GoMechanic",
  "Name" : "Create SR"
}