{
  "Type" : "Action",
  "Description" : "Service",
  "Reusability" : "Private",
  "SchemaVersion" : "0-1-0",
  "Validate" : {
    "CallReference" : {
      "ReferenceID" : "ServiceDetailsProvided",
      "Namespace" : "GoMechanic"
    },
    "CallInputs" : [ ],
    "CallType" : "Validation"
  },
  "AppliesTo" : {
    "ReferenceID" : "Servicerequest",
    "Namespace" : "GoMechanic"
  },
  "RuleResolutionID" : "Service",
  "PostProcessing" : {
    "Automation" : {
      "CallReference" : {
        "ReferenceID" : "PrintReceipt",
        "Namespace" : "GoMechanic"
      },
      "CallType" : "Automation",
      "CallInputs" : [ ]
    }
  },
  "View" : {
    "ReferenceID" : "Service2",
    "Namespace" : "GoMechanic"
  },
  "Namespace" : "GoMechanic",
  "Name" : "Service"
}