{
  "Type" : "Action",
  "Description" : "",
  "Reusability" : "Private",
  "SchemaVersion" : "0-0-1",
  "Validate" : {
    "CallReference" : {
      "ReferenceID" : "CheckforPainting",
      "Namespace" : "GoMechanic"
    },
    "CallType" : "Validation",
    "CallInputs" : [ ]
  },
  "AppliesTo" : {
    "ReferenceID" : "Servicerequest",
    "Namespace" : "GoMechanic"
  },
  "RuleResolutionID" : "SelectExtraServices",
  "PostProcessing" : {
    "Automation" : {
      "CallReference" : {
        "ReferenceID" : "SelectExtraServicesPostProcessing",
        "Namespace" : "GoMechanic"
      },
      "CallType" : "Automation",
      "CallInputs" : [ ]
    }
  },
  "View" : {
    "ReferenceID" : "SelectExtraServices",
    "Namespace" : "GoMechanic"
  },
  "Namespace" : "GoMechanic",
  "Name" : "Select extra services"
}