{
  "Type" : "Insight",
  "Reusability" : "Private",
  "Description" : "",
  "SchemaVersion" : "0-0-1",
  "DisplayType" : "RAW_TABLE",
  "RuleResolutionID" : "SRsNotInCreateStage",
  "InsightMetadata" : "{\"type\":\"raw\",\"classID\":\"Servicerequest\",\"query\":{\"columns\":[{\"type\":\"column\",\"id\":\"feedbackID\",\"field\":{\"dataType\":\"Text\",\"name\":\"feedbackID\",\"label\":\"feedbackID\",\"fieldID\":\"feedbackID\",\"fieldType\":\"Text\",\"category\":\"Servicerequest\"}},{\"type\":\"column\",\"id\":\"productID\",\"field\":{\"dataType\":\"Text\",\"name\":\"productID\",\"label\":\"productID\",\"fieldID\":\"productID\",\"fieldType\":\"Text\",\"category\":\"Servicerequest\"}},{\"type\":\"column\",\"id\":\"CurrentDateAndTime\",\"field\":{\"dataType\":\"DateTime\",\"name\":\"CurrentDateAndTime\",\"label\":\"CurrentDateAndTime\",\"fieldID\":\"CurrentDateAndTime\",\"fieldType\":\"DateTime\",\"category\":\"Servicerequest\"}},{\"type\":\"column\",\"id\":\"ExtraDiscountInPrice\",\"field\":{\"dataType\":\"Decimal\",\"name\":\"Extra discount in price\",\"label\":\"Extra discount in price\",\"fieldID\":\"ExtraDiscountInPrice\",\"fieldType\":\"Decimal\",\"category\":\"Servicerequest\"}},{\"type\":\"column\",\"id\":\"LengthOfDescription\",\"field\":{\"dataType\":\"Integer\",\"name\":\"Length Of Description\",\"label\":\"Length Of Description\",\"fieldID\":\"LengthOfDescription\",\"fieldType\":\"Integer\",\"category\":\"Servicerequest\"}},{\"type\":\"column\",\"id\":\"WonderfulWednesdayOffer\",\"field\":{\"dataType\":\"Text\",\"name\":\"Day based offer\",\"label\":\"Day based offer\",\"fieldID\":\"WonderfulWednesdayOffer\",\"fieldType\":\"Text\",\"category\":\"Servicerequest\"}},{\"type\":\"column\",\"id\":\"NumberOfTyres\",\"field\":{\"dataType\":\"Integer\",\"name\":\"Number of tyres\",\"label\":\"Number of tyres\",\"fieldID\":\"NumberOfTyres\",\"fieldType\":\"Integer\",\"category\":\"Servicerequest\"}},{\"type\":\"column\",\"id\":\"operatorID\",\"field\":{\"dataType\":\"Text\",\"name\":\"operatorID\",\"label\":\"operatorID\",\"fieldID\":\"operatorID\",\"fieldType\":\"Text\",\"category\":\"Servicerequest\"}},{\"type\":\"column\",\"id\":\"TotalPriceForExtraServices\",\"field\":{\"dataType\":\"Decimal\",\"name\":\"Total price for extra services\",\"label\":\"Total price for extra services\",\"fieldID\":\"TotalPriceForExtraServices\",\"fieldType\":\"Decimal\",\"category\":\"Servicerequest\"}},{\"type\":\"column\",\"id\":\"MonthlyOffers\",\"field\":{\"dataType\":\"Text\",\"name\":\"Monthly offers\",\"label\":\"Monthly offers\",\"fieldID\":\"MonthlyOffers\",\"fieldType\":\"Text\",\"category\":\"Servicerequest\"}}],\"sort\":[],\"filters\":[{\"filter\":{\"condition\":{\"lhs\":{\"field\":\"CurrentStageName\"},\"comparator\":\"NEQ\",\"rhs\":{\"value\":\"Create\"}}}}],\"groups\":[]},\"settings\":{\"persistedInfo\":{\"version\":\"v1\",\"customFields\":[],\"selectedHeightOption\":\"1\",\"template\":\"Table\",\"presetId\":\"insightTableDefaultPresetID\",\"visibleColumns\":[\"feedbackID\",\"productID\",\"CurrentDateAndTime\",\"ExtraDiscountInPrice\",\"LengthOfDescription\",\"WonderfulWednesdayOffer\",\"NumberOfTyres\",\"operatorID\",\"TotalPriceForExtraServices\",\"MonthlyOffers\"]},\"promotedFilters\":[]},\"details\":{\"showTitle\":false,\"title\":\"\",\"titleAlignment\":\"LEFT\"},\"className\":\"Servicerequest\"}",
  "Namespace" : "GoMechanic",
  "Name" : "SR's not in create stage"
}