{
  "Type" : "Stage",
  "Description" : "Domless Purchase Request creation",
  "Reusability" : "Private",
  "SchemaVersion" : "2-1-0",
  "AppliesTo" : {
    "ReferenceID" : "DomlessPurchaseRequest",
    "Namespace" : "GoMechanic"
  },
  "RuleResolutionID" : "DomlessPurchaseRequestCreation",
  "Processes" : [ {
    "Process" : {
      "ReferenceID" : "CreateNewDomlessPurchaseRequest",
      "Namespace" : "GoMechanic"
    },
    "SkipProcess" : {
      "SkipType" : "Never"
    }
  } ],
  "Namespace" : "GoMechanic",
  "Name" : "Domless Purchase Request creation"
}