{
  "Type" : "Stage",
  "Description" : "Find the required parts",
  "Reusability" : "Private",
  "SchemaVersion" : "2-1-0",
  "AppliesTo" : {
    "ReferenceID" : "Service",
    "Namespace" : "GoMechanic"
  },
  "RuleResolutionID" : "FindTheRequiredParts",
  "OptionalActions" : [ ],
  "Processes" : [ {
    "Process" : {
      "ReferenceID" : "FindRequiredParts",
      "Namespace" : "GoMechanic"
    },
    "SkipProcess" : {
      "SkipType" : "Never"
    }
  } ],
  "Namespace" : "GoMechanic",
  "Name" : "Find required parts"
}