{
  "Type" : "Stage",
  "Description" : "External User Routing Creation",
  "Reusability" : "Private",
  "SchemaVersion" : "2-1-0",
  "AppliesTo" : {
    "ReferenceID" : "ExternalUserRouting",
    "Namespace" : "GoMechanic"
  },
  "RuleResolutionID" : "ExternalUserRoutingCreation2",
  "Processes" : [ {
    "Process" : {
      "ReferenceID" : "CreateNewExternalUserRouting",
      "Namespace" : "GoMechanic"
    },
    "SkipProcess" : {
      "SkipType" : "Never"
    }
  } ],
  "Namespace" : "GoMechanic",
  "Name" : "External User Routing Creation"
}