{
  "DisableNotifications" : false,
  "Description" : "",
  "Reusability" : "PublicMayOverride",
  "SchemaVersion" : "0-0-3",
  "AppliesTo" : {
    "ReferenceID" : "Data-Portal",
    "Namespace" : "PegaPlatform"
  },
  "NavigationPages" : [ {
    "Page" : {
      "ReferenceID" : "Home",
      "Namespace" : "PegaPlatform",
      "ReferenceScope" : {
        "ReferenceID" : "Data-Portal",
        "Namespace" : "PegaPlatform"
      }
    }
  }, {
    "Page" : {
      "ReferenceID" : "ServiceDealersLP",
      "Namespace" : "GoMechanic",
      "ReferenceScope" : {
        "ReferenceID" : "Data-Portal",
        "Namespace" : "PegaPlatform"
      }
    }
  }, {
    "Page" : {
      "ReferenceID" : "ExploreData",
      "Namespace" : "PegaPlatform",
      "ReferenceScope" : {
        "ReferenceID" : "Data-Portal",
        "Namespace" : "PegaPlatform"
      }
    }
  }, {
    "Page" : {
      "ReferenceID" : "Invoices",
      "Namespace" : "GoMechanic",
      "ReferenceScope" : {
        "ReferenceID" : "Data-Portal",
        "Namespace" : "PegaPlatform"
      }
    }
  }, {
    "Page" : {
      "ReferenceID" : "PurchaserList",
      "Namespace" : "GoMechanic",
      "ReferenceScope" : {
        "ReferenceID" : "Data-Portal",
        "Namespace" : "PegaPlatform"
      }
    }
  } ],
  "EnableSearch" : false,
  "Namespace" : "GoMechanic",
  "Name" : "GoMechanicDefaultPortal",
  "Template" : "",
  "CreateMenu" : "Custom",
  "Type" : "Portal",
  "RuleResolutionID" : "UserPortal",
  "AvailableCaseToCreate" : [ {
    "CaseType" : {
      "ReferenceID" : "ServiceRequest",
      "ReferenceScope" : {
        "ReferenceID" : "Servicerequest"
      }
    }
  }, {
    "CaseType" : {
      "ReferenceID" : "Service",
      "ReferenceScope" : {
        "ReferenceID" : "Service"
      }
    }
  }, {
    "CaseType" : {
      "ReferenceID" : "ServiceDealer",
      "ReferenceScope" : {
        "ReferenceID" : "Servicedealer"
      }
    }
  }, {
    "CaseType" : {
      "ReferenceID" : "ExternalUserRouting",
      "ReferenceScope" : {
        "ReferenceID" : "ExternalUserRouting"
      }
    }
  }, {
    "CaseType" : {
      "ReferenceID" : "ProblemCase",
      "ReferenceScope" : {
        "ReferenceID" : "ProblemCase"
      }
    }
  }, {
    "CaseType" : {
      "ReferenceID" : "Invoice",
      "ReferenceScope" : {
        "ReferenceID" : "Invoice"
      }
    }
  }, {
    "CaseType" : {
      "ReferenceID" : "PurchaseRequest",
      "ReferenceScope" : {
        "ReferenceID" : "PurchaseRequest"
      }
    }
  }, {
    "CaseType" : {
      "ReferenceID" : "Purchaser",
      "ReferenceScope" : {
        "ReferenceID" : "Purchaser"
      }
    }
  }, {
    "CaseType" : {
      "ReferenceID" : "DomlessPurchaseRequest",
      "Namespace" : "GoMechanic",
      "ReferenceScope" : {
        "ReferenceID" : "DomlessPurchaseRequest",
        "Namespace" : "GoMechanic"
      }
    }
  } ],
  "DisableRecents" : false
}