{
  "Type" : "View",
  "Reusability" : "Private",
  "SchemaVersion" : "0-0-2",
  "AppliesTo" : {
    "ReferenceID" : "User",
    "Namespace" : "PegaPlatform"
  },
  "RuleResolutionID" : "CreateServiceRequest_LisftOfUsers",
  "ContextMetadata" : "",
  "ViewType" : "",
  "Namespace" : "GoMechanic",
  "Name" : "Create service request_LisftOfUsers",
  "ViewMetadata" : "{\"name\":\"CreateServiceRequest_LisftOfUsers\",\"type\":\"View\",\"config\":{\"template\":\"DataReference\",\"referenceList\":\"Users\",\"name\":\"LisftOfUsers\",\"mode\":\"multiselect\",\"ruleClass\":\"User\",\"contextClass\":\"User\",\"selectionMode\":\"multi\",\"classKeys\":[{\"name\":\"ID\"}],\"displayAs\":\"table\"},\"children\":[{\"type\":\"SimpleTableSelect\",\"config\":{\"label\":\"@L LisftOfUsers\",\"selectionKey\":\".ID\",\"referenceList\":\"Users\",\"readonlyContextList\":\"@P .LisftOfUsers\",\"selectionList\":\".LisftOfUsers\",\"contextClass\":\"User\",\"selectionMode\":\"multi\",\"referenceType\":\"Case\",\"primaryField\":\".Name\",\"detailsDisplay\":[{\"type\":\"TextInput\",\"config\":{\"value\":\"@P .Name\",\"label\":\"@L Label\"}},{\"type\":\"TextInput\",\"config\":{\"value\":\"@P .ID\",\"label\":\"@L Case ID\",\"previewKey\":\"@P .pzInsKey\",\"additionalDetails\":{\"type\":\"DISPLAY_LINK\",\"params\":{}}}}],\"presets\":[{\"name\":\"presets\",\"template\":\"Table\",\"config\":{},\"label\":\"\",\"id\":\"P_\",\"children\":[{\"name\":\"Columns\",\"type\":\"Region\",\"children\":[{\"type\":\"TextInput\",\"config\":{\"value\":\"@P .AccessGroup\",\"label\":\"@L AccessGroup\",\"readOnly\":true}},{\"type\":\"TextInput\",\"config\":{\"value\":\"@P .Name\",\"label\":\"@L Name\",\"readOnly\":true}},{\"type\":\"Email\",\"config\":{\"value\":\"@P .Email\",\"label\":\"@L Email\",\"readOnly\":true}},{\"type\":\"TextInput\",\"config\":{\"value\":\"@P .BusinessID\",\"label\":\"@L BusinessID\",\"readOnly\":true}}]}]}]}},{\"name\":\"Views\",\"type\":\"Region\",\"children\":[]}],\"ID\":\"01f5fdbe-dfd1-4b8a-aad4-2e28289e3ec5\"}",
  "Template" : "DataReference"
}