{
  "Type" : "View",
  "Description" : "Collect Approve Purchase info",
  "Reusability" : "Private",
  "SchemaVersion" : "0-0-2",
  "AppliesTo" : {
    "ReferenceID" : "ApprovePurchase",
    "Namespace" : "GoMechanic"
  },
  "RuleResolutionID" : "Create",
  "AutoGenerated" : false,
  "ViewType" : "form",
  "Namespace" : "GoMechanic",
  "Name" : "Collect Approve Purchase info",
  "Template" : "DefaultForm",
  "ViewMetadata" : "{\"name\":\"Create\",\"type\":\"View\",\"config\":{\"template\":\"DefaultForm\",\"ruleClass\":\"ApprovePurchase\",\"ruleClassNamespace\":\"GoMechanic\",\"label\":\"Collect Approve Purchase info\"},\"children\":[{\"name\":\"Fields\",\"type\":\"Region\",\"children\":[{\"type\":\"TextInput\",\"config\":{\"value\":\"@P .PurchaseRequestor\",\"label\":\"@L Purchase Requestor\"}},{\"type\":\"Currency\",\"config\":{\"value\":\"@P .TotalPurchaseCost\",\"label\":\"@L Total Purchase Cost\",\"isoCodeSelection\":\"constant\",\"currencyISOCode\":\"USD\",\"allowDecimals\":true}}]}],\"ID\":\"0672aa43-a84c-40d5-9685-755abade28dd\"}"
}