{
  "Type" : "View",
  "Reusability" : "Private",
  "SchemaVersion" : "0-0-2",
  "AppliesTo" : {
    "ReferenceID" : "PurchaseRequest",
    "Namespace" : "GoMechanic"
  },
  "RuleResolutionID" : "ReviewPurchase",
  "ContextMetadata" : "",
  "ViewType" : "form",
  "Namespace" : "GoMechanic",
  "Name" : "Review Purchase",
  "Template" : "DefaultForm",
  "ViewMetadata" : "{\"name\":\"ReviewPurchase\",\"type\":\"View\",\"config\":{\"template\":\"DefaultForm\",\"ruleClass\":\"PurchaseRequest\",\"ruleClassNamespace\":\"GoMechanic\",\"label\":\"@L Review Purchase\"},\"children\":[{\"name\":\"Fields\",\"type\":\"Region\",\"children\":[{\"type\":\"TextInput\",\"config\":{\"value\":\"@P .EmployeeName\",\"label\":\"@L Employee Name\"}},{\"type\":\"TextInput\",\"config\":{\"value\":\"@P .Item\",\"label\":\"@L Item\"}},{\"type\":\"Integer\",\"config\":{\"value\":\"@P .Quantity\",\"label\":\"@L Quantity\"}},{\"type\":\"Currency\",\"config\":{\"value\":\"@P .CostPerItem\",\"label\":\"@L Cost per Item\",\"isoCodeSelection\":\"constant\",\"currencyISOCode\":\"USD\",\"allowDecimals\":true}},{\"type\":\"Currency\",\"config\":{\"value\":\"@P .PurchaseCost\",\"label\":\"@L Purchase Cost\",\"isoCodeSelection\":\"constant\",\"currencyISOCode\":\"USD\",\"allowDecimals\":true}}]}],\"ID\":\"0abf3c5d-4f59-4d97-bb31-20982fccf613\"}"
}