{
  "Type" : "View",
  "Description" : "ServiceFeedback",
  "Reusability" : "Private",
  "SchemaVersion" : "0-0-2",
  "AppliesTo" : {
    "ReferenceID" : "Servicerequest",
    "Namespace" : "GoMechanic"
  },
  "RuleResolutionID" : "ServiceFeedback",
  "ViewType" : "embeddedform",
  "Namespace" : "GoMechanic",
  "Template" : "DefaultForm",
  "Name" : "ServiceFeedback",
  "ViewMetadata" : "{\"name\":\"ServiceFeedback\",\"type\":\"View\",\"config\":{\"template\":\"DefaultForm\",\"ruleClass\":\"Servicerequest\",\"label\":\"ServiceFeedback\",\"NumCols\":\"2\"},\"children\":[{\"name\":\"Fields\",\"type\":\"Region\",\"children\":[{\"type\":\"TextInput\",\"config\":{\"value\":\"@P .feedbackname\",\"label\":\"@L feedbackname\"}},{\"type\":\"TextArea\",\"config\":{\"value\":\"@P .feedbackdescription\",\"label\":\"@L feedbackdescription\"}}]}],\"ID\":\"0afee128-37af-47fb-8de4-6b141f4051af\"}"
}