{
  "Type" : "View",
  "Reusability" : "Private",
  "Description" : "vehicle makers",
  "SchemaVersion" : "0-0-2",
  "AppliesTo" : {
    "ReferenceID" : "CarMakers",
    "Namespace" : "GoMechanic"
  },
  "RuleResolutionID" : "vehicleMakers",
  "ViewType" : "list",
  "Namespace" : "GoMechanic",
  "Name" : "vehicle makers",
  "Template" : "ListView",
  "ViewMetadata" : "{\"name\":\"vehicleMakers\",\"type\":\"View\",\"config\":{\"template\":\"ListView\",\"ruleClass\":\"CarMakers\",\"label\":\"vehicle makers\",\"title\":\"vehicle makers\",\"referenceList\":\"D_GetCarMakers\",\"presets\":[{\"name\":\"presets\",\"template\":\"Table\",\"config\":{},\"children\":[{\"name\":\"Columns\",\"type\":\"Region\",\"children\":[]}],\"label\":\"@L D_GetCarMakers\",\"id\":\"P_1653584735791\"}],\"actions\":[],\"moveRecordsDT\":\"\",\"allowAddingNewRecords\":false},\"ID\":\"0d7dc676-c231-44fd-8dd7-c32c0a037daf\"}"
}