{
  "Type" : "View",
  "Reusability" : "Private",
  "SchemaVersion" : "0-0-2",
  "AppliesTo" : {
    "ReferenceID" : "PurchaseRequest",
    "Namespace" : "GoMechanic"
  },
  "RuleResolutionID" : "PurchaserReference",
  "ContextMetadata" : "",
  "ViewType" : "",
  "Namespace" : "GoMechanic",
  "Name" : "PurchaserReference",
  "ViewMetadata" : "{\"name\":\"PurchaserReference\",\"type\":\"View\",\"config\":{\"ruleClass\":\"Purchaser\",\"template\":\"DataReference\",\"referenceList\":\"PurchaserList\",\"name\":\"PurchaserReference\",\"mode\":\"readonly\",\"contextClass\":\"Purchaser\",\"selectionMode\":\"multi\",\"displayAs\":\"table\",\"classKeys\":[{\"name\":\"ID\"}]},\"children\":[{\"type\":\"SimpleTableSelect\",\"config\":{\"label\":\"@L .Purchaser Reference\",\"selectionKey\":\".ID\",\"referenceList\":\"@P .PurchaserReference\",\"readonlyContextList\":\"@P .PurchaserReference\",\"selectionList\":\".PurchaserReference\",\"contextClass\":\"Purchaser\",\"selectionMode\":\"multi\",\"referenceType\":\"Case\",\"renderMode\":\"ReadOnly\",\"primaryField\":\".Name\",\"detailsDisplay\":[{\"type\":\"TextInput\",\"config\":{\"value\":\"@P .Name\",\"label\":\"@L Name\"}},{\"type\":\"TextInput\",\"config\":{\"value\":\"@P .ID\",\"label\":\"@L Case ID\",\"previewKey\":\"@P .ID\",\"additionalDetails\":{\"type\":\"DISPLAY_LINK\",\"params\":{}}}}],\"presets\":[{\"name\":\"presets\",\"template\":\"Table\",\"config\":{},\"label\":\"\",\"id\":\"P_\",\"children\":[{\"name\":\"Columns\",\"type\":\"Region\",\"children\":[{\"type\":\"TextInput\",\"config\":{\"value\":\"@P .Name\",\"label\":\"@L Name\",\"readOnly\":true,\"additionalDetails\":{\"type\":\"DISPLAY_LINK\",\"params\":{}}}},{\"type\":\"TextInput\",\"config\":{\"value\":\"@P .BusinessID\",\"label\":\"@L BusinessID\",\"readOnly\":true,\"additionalDetails\":{\"type\":\"DISPLAY_LINK\",\"params\":{}}}},{\"type\":\"TextArea\",\"config\":{\"value\":\"@P .Description\",\"label\":\"@L Description\",\"readOnly\":true}},{\"type\":\"TextInput\",\"config\":{\"value\":\"@P .Status\",\"label\":\"@L Status\",\"readOnly\":true}}]}]}]}},{\"name\":\"Views\",\"type\":\"Region\",\"children\":[]}]}",
  "Template" : "DataReference"
}