{
  "Type" : "View",
  "Reusability" : "Private",
  "SchemaVersion" : "0-0-2",
  "AppliesTo" : {
    "ReferenceID" : "ExternalUserRouting",
    "Namespace" : "GoMechanic"
  },
  "RuleResolutionID" : "VerifyExternalUserEmail",
  "ContextMetadata" : "",
  "ViewType" : "form",
  "Namespace" : "GoMechanic",
  "Name" : "Verify External User Email",
  "Template" : "DefaultForm",
  "ViewMetadata" : "{\"name\":\"VerifyExternalUserEmail\",\"type\":\"View\",\"config\":{\"template\":\"DefaultForm\",\"ruleClass\":\"ExternalUserRouting\",\"ruleClassNamespace\":\"GoMechanic\",\"label\":\"Verify External User Email\"},\"children\":[{\"name\":\"Fields\",\"type\":\"Region\",\"children\":[{\"type\":\"Email\",\"config\":{\"value\":\"@P .ExternalUserEmail\",\"label\":\"@L External User Email\",\"required\":true,\"readOnly\":true}}]}],\"ID\":\"0fb1dcb8-c106-4202-a3ab-1c5241283e3a\"}"
}