{
  "Type" : "View",
  "Reusability" : "Private",
  "SchemaVersion" : "0-0-2",
  "AppliesTo" : {
    "ReferenceID" : "Service",
    "Namespace" : "GoMechanic"
  },
  "RuleResolutionID" : "pyReview_ServiceDealer2",
  "ContextMetadata" : "",
  "ViewType" : "",
  "Namespace" : "GoMechanic",
  "Name" : "pyReview_ServiceDealer",
  "ViewMetadata" : "{\"name\":\"pyReview_ServiceDealer2\",\"type\":\"View\",\"config\":{\"template\":\"DataReference\",\"referenceList\":\"D_ServicedealerList\",\"name\":\"ServiceDealer\",\"mode\":\"readonly\",\"ruleClass\":\"Service\",\"contextClass\":\"Servicedealer\",\"selectionMode\":\"single\",\"classKeys\":[{\"name\":\"ID\"}],\"displayAs\":\"readonly\"},\"children\":[{\"type\":\"SemanticLink\",\"config\":{\"label\":\"@L Service dealer\",\"caseClass\":\"Servicedealer\",\"contextPage\":\"@P .ServiceDealer\",\"text\":\"@P .ServiceDealer.BusinessID\",\"caseID\":\"@P .ServiceDealer.ID\",\"caseLabel\":\"@P .ServiceDealer.Name\",\"previewKey\":\"@P .ServiceDealer.ID\",\"resourceParams\":{\"workID\":\"@P .ServiceDealer.ID\"},\"resourcePayload\":{\"caseClassName\":\"Servicedealer\"}}},{\"name\":\"Views\",\"type\":\"Region\",\"children\":[]}],\"ID\":\"1163fd62-af4c-4bec-97ff-b529878574ae\"}",
  "Template" : "DataReference"
}