{
  "Type" : "View",
  "Description" : "Select service request",
  "Reusability" : "Private",
  "SchemaVersion" : "0-0-2",
  "AppliesTo" : {
    "ReferenceID" : "Service",
    "Namespace" : "GoMechanic"
  },
  "RuleResolutionID" : "CreateService",
  "ViewType" : "page",
  "Namespace" : "GoMechanic",
  "Template" : "DataReference",
  "Name" : "Select service request",
  "ViewMetadata" : "{\"name\":\"CreateService\",\"type\":\"View\",\"config\":{\"template\":\"DataReference\",\"name\":\"ServiceRequest\",\"mode\":\"singleselect\",\"contextClass\":\"Servicerequest\",\"ruleClass\":\"Service\",\"selectionMode\":\"single\",\"classKeys\":[{\"name\":\"BusinessID\"}],\"displayAs\":\"autocomplete\",\"referenceList\":\"OpenServiceRequests\",\"actions\":[],\"allowAddingNewRecords\":false,\"label\":\"@L Select service request \"},\"children\":[{\"type\":\"AutoComplete\",\"config\":{\"value\":\"@P .ServiceRequest.BusinessID\",\"label\":\"@L \",\"previewKey\":\"@P .ServiceRequest.BusinessID\",\"placeholder\":\"Select...\",\"listType\":\"datapage\",\"datasource\":\"OpenServiceRequests\",\"primaryField\":\"@P .ServiceRequest.Name\",\"columns\":[{\"value\":\".BusinessID\",\"setProperty\":\"Associated property\",\"key\":\"true\"},{\"value\":\".Name\",\"display\":\"true\",\"useForSearch\":true,\"primary\":\"true\"}],\"selectionKey\":\"@P .ServiceRequest.BusinessID\",\"deferDatasource\":true}},{\"name\":\"Views\",\"type\":\"Region\",\"children\":[]}],\"ID\":\"144ee1a0-0d49-4e6f-ad6d-bc10f8553aac\"}"
}