{
  "Type" : "View",
  "Description" : "External User Routing list",
  "Reusability" : "Private",
  "SchemaVersion" : "0-0-2",
  "AppliesTo" : {
    "ReferenceID" : "Data-Portal",
    "Namespace" : "PegaPlatform"
  },
  "RuleResolutionID" : "ExternalUserRoutingList",
  "ViewType" : "landingpage",
  "Namespace" : "GoMechanic",
  "Template" : "ListPage",
  "Name" : "External User Routing list",
  "ViewMetadata" : "{\"name\":\"External User Routing list\",\"type\":\"View\",\"config\":{\"type\":\"listpage\",\"template\":\"ListPage\",\"icon\":\"pi pi-headline\",\"title\":\"External User Routing list\",\"personalization\":true,\"grouping\":true,\"globalSearch\":true,\"reorderFields\":true,\"toggleFieldVisibility\":true,\"showUploadRecords\":true,\"referenceList\":\"ExternalUserRoutingList\",\"ruleClass\":\"Data-Portal\",\"ruleClassNamespace\":\"GoMechanic\",\"presets\":[{\"name\":\"presets\",\"label\":\"External User Routing list\",\"template\":\"Table\",\"config\":{},\"children\":[{\"name\":\"Columns\",\"type\":\"Region\",\"children\":[{\"type\":\"TextInput\",\"config\":{\"value\": \"@P .BusinessID\",\"label\": \"@L ID\",\"displayAsLink\":true}},{\"type\":\"TextInput\",\"config\":{\"value\": \"@P .Name\",\"label\": \"@L Name\",\"displayAsLink\":true}},{\"type\":\"TextInput\",\"config\":{\"value\": \"@P .Status\",\"label\": \"@L Status\",\"displayAsLink\":false}},{\"type\":\"TextArea\",\"config\":{\"value\":\"@P .Description\",\"label\":\"@L Description\"}}]}]}],\"actions\":[{\"action\":\"UPLOAD_RECORDS\",\"config\":{\"label\":\"@L Upload\",\"objectType\":\"ExternalUserRouting\"}}]}}"
}