{
  "Type" : "View",
  "Reusability" : "Private",
  "SchemaVersion" : "0-0-2",
  "AppliesTo" : {
    "ReferenceID" : "Service",
    "Namespace" : "GoMechanic"
  },
  "RuleResolutionID" : "HelloUserView",
  "ContextMetadata" : "",
  "ViewType" : "form",
  "Namespace" : "GoMechanic",
  "Name" : "Hello User view",
  "ViewMetadata" : "{\"name\":\"HelloUserView\",\"type\":\"View\",\"config\":{\"template\":\"DefaultForm\",\"ruleClass\":\"Service\",\"label\":\"Hello User view\"},\"children\":[{\"name\":\"Fields\",\"type\":\"Region\",\"children\":[{\"type\":\"Date\",\"config\":{\"value\":\"@P .ExpiryDate\",\"label\":\"@L ExpiryDate\"}},{\"type\":\"TextInput\",\"config\":{\"value\":\"@P .CardHolder\",\"label\":\"@L CardHolder\"}}]}],\"ID\":\"16f784bf-76b1-43c7-b6c1-26f7107e78ae\"}",
  "Template" : "DefaultForm"
}