{
  "Type" : "View",
  "Reusability" : "Private",
  "SchemaVersion" : "0-0-2",
  "AppliesTo" : {
    "ReferenceID" : "Servicerequest",
    "Namespace" : "GoMechanic"
  },
  "RuleResolutionID" : "CreateServiceRequest_RequestedFor",
  "ContextMetadata" : "",
  "ViewType" : "",
  "Namespace" : "GoMechanic",
  "Name" : "Create service request_RequestedFor",
  "ViewMetadata" : "{\"name\":\"CreateServiceRequest_RequestedFor\",\"type\":\"View\",\"config\":{\"template\":\"DataReference\",\"referenceList\":\"ActiveUsers\",\"name\":\"RequestedFor\",\"mode\":\"singleselect\",\"contextClass\":\"User\",\"ruleClass\":\"Servicerequest\",\"selectionMode\":\"single\",\"classKeys\":[{\"name\":\"ID\"}],\"displayAs\":\"autocomplete\"},\"children\":[{\"type\":\"AutoComplete\",\"config\":{\"value\":\"@P .RequestedFor.ID\",\"label\":\"@L \",\"previewKey\":\"@P .RequestedFor.ID\",\"placeholder\":\"Select...\",\"listType\":\"datapage\",\"datasource\":\"ActiveUsers\",\"primaryField\":\"@P .RequestedFor.Name\",\"deferDatasource\":true,\"columns\":[{\"value\":\".ID\",\"setProperty\":\"Associated property\",\"key\":\"true\"},{\"value\":\".Name\",\"display\":\"true\",\"useForSearch\":true,\"primary\":\"true\"},{\"value\":\".BusinessID\",\"display\":\"true\",\"useForSearch\":true,\"secondary\":\"true\"}]}},{\"name\":\"Views\",\"type\":\"Region\",\"children\":[]}],\"ID\":\"17e5f851-cb69-4cbf-bc93-f9b6c6067b22\"}",
  "Template" : "DataReference"
}