{
  "Type" : "View",
  "Reusability" : "Private",
  "SchemaVersion" : "0-0-2",
  "AppliesTo" : {
    "ReferenceID" : "Service",
    "Namespace" : "GoMechanic"
  },
  "RuleResolutionID" : "CreateService_ServiceDealer",
  "ContextMetadata" : "",
  "ViewType" : "",
  "Namespace" : "GoMechanic",
  "Name" : "Create Service_ServiceDealer",
  "ViewMetadata" : "{\"name\":\"CreateService_ServiceDealer\",\"type\":\"View\",\"config\":{\"template\":\"DataReference\",\"name\":\"ServiceDealer\",\"mode\":\"singleselect\",\"contextClass\":\"Servicedealer\",\"ruleClass\":\"Service\",\"selectionMode\":\"single\",\"classKeys\":[{\"name\":\"BusinessID\"}],\"displayAs\":\"dropdown\",\"referenceList\":\"D_ServicedealerList\",\"actions\":[],\"allowAddingNewRecords\":false},\"children\":[{\"type\":\"Dropdown\",\"config\":{\"value\":\"@P .ServiceDealer.BusinessID\",\"label\":\"@L \",\"placeholder\":\"Select...\",\"listType\":\"datapage\",\"primaryField\":\"@P .ServiceDealer.DealerName\",\"datasource\":{\"source\":\"@DATASOURCE D_ServicedealerList.pxResults\",\"fields\":{\"value\":\"@P .BusinessID\",\"key\":\"@P .BusinessID\",\"text\":\"@P .DealerName\"}}}},{\"name\":\"Views\",\"type\":\"Region\",\"children\":[]}],\"ID\":\"1a0c8842-2eaa-4dc3-8e3c-af6bccf160a4\"}",
  "Template" : "DataReference"
}