{
  "Type" : "View",
  "Reusability" : "Private",
  "SchemaVersion" : "0-0-2",
  "AppliesTo" : {
    "ReferenceID" : "Servicedealer",
    "Namespace" : "GoMechanic"
  },
  "RuleResolutionID" : "ServicerequestList2",
  "ContextMetadata" : "",
  "ViewType" : "tab",
  "Namespace" : "GoMechanic",
  "Name" : "Servicerequest List",
  "Template" : "OneColumnTab",
  "ViewMetadata" : "{\"name\":\"Servicerequest List\",\"type\":\"View\",\"config\":{\"template\":\"OneColumnTab\",\"ruleClass\":\"Servicedealer\"},\"children\":[{\"name\":\"A\",\"type\":\"Region\",\"children\":[{\"type\":\"reference\",\"config\":{\"name\":\"ServicerequestListByServicedealer2\",\"inheritedProps\":[{\"prop\":\"label\",\"value\":\"@L Servicerequest list by Servicedealer\"}],\"ruleClass\":\"Servicedealer\",\"type\":\"view\"}}]}]}"
}