{
  "Type" : "View",
  "Reusability" : "Private",
  "SchemaVersion" : "0-0-2",
  "AppliesTo" : {
    "ReferenceID" : "DomlessPurchaseRequest",
    "Namespace" : "GoMechanic"
  },
  "RuleResolutionID" : "Review",
  "ContextMetadata" : "",
  "ViewType" : "form",
  "Namespace" : "GoMechanic",
  "Name" : "Review",
  "Template" : "DefaultForm",
  "ViewMetadata" : "{\"name\":\"Review\",\"type\":\"View\",\"config\":{\"template\":\"DefaultForm\",\"ruleClass\":\"DomlessPurchaseRequest\",\"ruleClassNamespace\":\"GoMechanic\",\"label\":\"@L Review\"},\"children\":[{\"name\":\"Fields\",\"type\":\"Region\",\"children\":[{\"type\":\"Currency\",\"config\":{\"value\":\"@P .PurchaseCost\",\"label\":\"@L Purchase Cost\",\"isoCodeSelection\":\"constant\",\"currencyISOCode\":\"USD\",\"allowDecimals\":true}},{\"type\":\"reference\",\"config\":{\"name\":\"Review_PurchaserRef\",\"inheritedProps\":[{\"prop\":\"label\",\"value\":\"@L Purchaser Ref\"}],\"ruleClass\":\"Purchaser\",\"ruleNamespace\":\"GoMechanic\",\"ruleClassNamespace\":\"GoMechanic\",\"type\":\"view\",\"authorContext\":\".PurchaserRef\"}}]}],\"ID\":\"1b7494bb-6a0a-4add-96a8-42a8f6bc98b6\"}"
}