{
  "Type" : "View",
  "Reusability" : "Private",
  "Description" : "",
  "SchemaVersion" : "0-0-2",
  "AppliesTo" : {
    "ReferenceID" : "Service",
    "Namespace" : "GoMechanic"
  },
  "RuleResolutionID" : "pyDetailsTabContent",
  "ContextMetadata" : "",
  "ViewType" : "custom",
  "Namespace" : "PegaPlatform",
  "Name" : "pyDetailsTabContent",
  "Template" : "OneColumnTab",
  "ViewMetadata" : "{\"name\":\"pyDetailsTabContent\",\"type\":\"View\",\"config\":{\"template\":\"OneColumnTab\",\"ruleClass\":\"Service\"},\"children\":[{\"name\":\"A\",\"type\":\"Region\",\"children\":[{\"type\":\"reference\",\"config\":{\"name\":\"pyReview\",\"inheritedProps\":[{\"prop\":\"label\",\"value\":\"@L Details\"},{\"prop\":\"showLabel\",\"value\":true}],\"type\":\"view\"}}]}],\"ID\":\"1d3aaec6-34f1-407d-bdf3-ba22c75409c1\"}"
}