{
  "Type" : "View",
  "Reusability" : "Private",
  "SchemaVersion" : "0-0-2",
  "AppliesTo" : {
    "ReferenceID" : "Service",
    "Namespace" : "GoMechanic"
  },
  "RuleResolutionID" : "pyReview",
  "ContextMetadata" : "",
  "ViewType" : "page",
  "Namespace" : "PegaPlatform",
  "Name" : "pyReview",
  "Template" : "Details",
  "ViewMetadata" : "{\"ID\":\"1eade0bc-5cfd-4c8f-a465-b8bb3ac8c7e7\",\"name\":\"pyReview\",\"type\":\"View\",\"config\":{\"template\":\"Details\",\"ruleClass\":\"Service\",\"showLabel\":true,\"label\":\"@L Details\"},\"children\":[{\"name\":\"A\",\"type\":\"Region\",\"children\":[{\"type\":\"reference\",\"config\":{\"name\":\"pyReview_ServiceDealer3\",\"inheritedProps\":[{\"prop\":\"label\",\"value\":\"@L Service dealer\"}],\"ruleClass\":\"Service\",\"type\":\"view\",\"authorContext\":\".ServiceDealer\",\"referenceType\":\"Case\"}}]}]}"
}