{
  "Type" : "View",
  "Reusability" : "Private",
  "SchemaVersion" : "0-0-2",
  "AppliesTo" : {
    "ReferenceID" : "Servicedealer",
    "Namespace" : "GoMechanic"
  },
  "RuleResolutionID" : "ActiveMechanic_CurrentActiveMechanic",
  "ContextMetadata" : "",
  "ViewType" : "",
  "Namespace" : "GoMechanic",
  "Name" : "Active mechanic_CurrentActiveMechanic",
  "ViewMetadata" : "{\"name\":\"ActiveMechanic_CurrentActiveMechanic\",\"type\":\"View\",\"config\":{\"template\":\"DataReference\",\"referenceList\":\"ActiveUsers\",\"name\":\"CurrentActiveMechanic\",\"mode\":\"singleselect\",\"contextClass\":\"User\",\"ruleClass\":\"Servicedealer\",\"selectionMode\":\"single\",\"classKeys\":[{\"name\":\"ID\"}],\"displayAs\":\"autocomplete\"},\"children\":[{\"type\":\"AutoComplete\",\"config\":{\"value\":\"@P .CurrentActiveMechanic.ID\",\"label\":\"@L \",\"previewKey\":\"@P .CurrentActiveMechanic.ID\",\"placeholder\":\"Select...\",\"listType\":\"datapage\",\"datasource\":\"ActiveUsers\",\"primaryField\":\"@P .CurrentActiveMechanic.Name\",\"deferDatasource\":true,\"columns\":[{\"value\":\".ID\",\"setProperty\":\"Associated property\",\"key\":\"true\"},{\"value\":\".Name\",\"display\":\"true\",\"useForSearch\":true,\"primary\":\"true\"},{\"value\":\".BusinessID\",\"display\":\"true\",\"useForSearch\":true,\"secondary\":\"true\"}]}},{\"name\":\"Views\",\"type\":\"Region\",\"children\":[]}],\"ID\":\"1fd9f431-3869-41bd-9dd2-191b721adcb4\"}",
  "Template" : "DataReference"
}