{
  "Type" : "View",
  "Reusability" : "Private",
  "SchemaVersion" : "0-0-2",
  "AppliesTo" : {
    "ReferenceID" : "Case",
    "Namespace" : "PegaPlatform"
  },
  "RuleResolutionID" : "pyReview_DealerAdmin",
  "ContextMetadata" : "",
  "ViewType" : "",
  "Namespace" : "GoMechanic",
  "Name" : "pyReview_DealerAdmin",
  "ViewMetadata" : "{\"name\":\"pyReview_DealerAdmin\",\"type\":\"View\",\"config\":{\"template\":\"DataReference\",\"referenceList\":\"ActiveUsers\",\"name\":\"DealerAdmin\",\"mode\":\"readonly\",\"ruleClass\":\"Case\",\"contextClass\":\"User\",\"selectionMode\":\"single\",\"classKeys\":[{\"name\":\"ID\"}]},\"children\":[{\"type\":\"SemanticLink\",\"config\":{\"label\":\"@L Dealer admin\",\"caseClass\":\"User\",\"contextPage\":\"@P .DealerAdmin\",\"text\":\"@P .DealerAdmin.Name\",\"caseID\":\"@P .DealerAdmin.ID\",\"caseLabel\":\"@P .DealerAdmin.Name\",\"previewKey\":\"@P .DealerAdmin.ID\",\"resourceParams\":{\"workID\":\"@P .DealerAdmin.ID\"},\"resourcePayload\":{\"caseClassName\":\"User\"}}},{\"name\":\"Views\",\"type\":\"Region\",\"children\":[]}]}",
  "Template" : "DataReference"
}