{
  "Type" : "View",
  "Reusability" : "Private",
  "SchemaVersion" : "0-0-2",
  "AppliesTo" : {
    "ReferenceID" : "Servicedealer",
    "Namespace" : "GoMechanic"
  },
  "RuleResolutionID" : "CreateServiceDealer_DealerAdmin",
  "ContextMetadata" : "",
  "ViewType" : "",
  "Namespace" : "GoMechanic",
  "Name" : "Create Service dealer_DealerAdmin",
  "ViewMetadata" : "{\"name\":\"CreateServiceDealer_DealerAdmin\",\"type\":\"View\",\"config\":{\"template\":\"DataReference\",\"referenceList\":\"ActiveUsers\",\"name\":\"DealerAdmin\",\"mode\":\"singleselect\",\"contextClass\":\"User\",\"ruleClass\":\"Servicedealer\",\"selectionMode\":\"single\",\"classKeys\":[{\"name\":\"ID\"}],\"displayAs\":\"autocomplete\"},\"children\":[{\"type\":\"AutoComplete\",\"config\":{\"value\":\"@P .DealerAdmin.ID\",\"label\":\"@L \",\"previewKey\":\"@P .DealerAdmin.ID\",\"placeholder\":\"Select...\",\"listType\":\"datapage\",\"datasource\":\"ActiveUsers\",\"primaryField\":\"@P .DealerAdmin.Name\",\"deferDatasource\":true,\"columns\":[{\"value\":\".ID\",\"setProperty\":\"Associated property\",\"key\":\"true\"},{\"value\":\".Name\",\"display\":\"true\",\"useForSearch\":true,\"primary\":\"true\"},{\"value\":\".BusinessID\",\"display\":\"true\",\"useForSearch\":true,\"secondary\":\"true\"}]}},{\"name\":\"Views\",\"type\":\"Region\",\"children\":[]}],\"ID\":\"21d67451-736e-4460-a2c0-dd169815a756\"}",
  "Template" : "DataReference"
}