{
  "Type" : "View",
  "Description" : "",
  "Reusability" : "Private",
  "SchemaVersion" : "0-0-2",
  "AppliesTo" : {
    "ReferenceID" : "Case",
    "Namespace" : "PegaPlatform"
  },
  "RuleResolutionID" : "newDummy",
  "ViewType" : "embeddedform",
  "Namespace" : "GoMechanic",
  "Template" : "DefaultForm",
  "Name" : "new dummy",
  "ViewMetadata" : "{\"name\":\"new dummy\",\"type\":\"View\",\"config\":{\"template\":\"DefaultForm\",\"ruleClass\":\"Case\",\"label\":\"new dummy\"},\"children\":[{\"name\":\"Fields\",\"type\":\"Region\",\"children\":[]}]}"
}