{
  "Type" : "View",
  "Reusability" : "Private",
  "Description" : "",
  "SchemaVersion" : "0-0-2",
  "AppliesTo" : {
    "ReferenceID" : "PurchaseRequest",
    "Namespace" : "GoMechanic"
  },
  "RuleResolutionID" : "pyDetails",
  "ContextMetadata" : "",
  "ViewType" : "page",
  "Namespace" : "PegaPlatform",
  "Name" : "pyDetails",
  "Template" : "CaseView",
  "ViewMetadata" : "{\"ID\":\"22df65b4-3fc3-41ca-a171-f0e4db3420d4\",\"name\":\"pyDetails\",\"type\":\"View\",\"config\":{\"type\":\"page\",\"template\":\"CaseView\",\"icon\":\"polaris-solid\",\"subheader\":\"@P .BusinessID\",\"header\":\"@P .Name\",\"caseClass\":\"@P .pxObjClass\",\"showIconInHeader\":true,\"showCaseLifecycle\":true,\"ruleClass\":\"PurchaseRequest\"},\"children\":[{\"name\":\"Summary\",\"type\":\"Region\",\"children\":[{\"type\":\"reference\",\"config\":{\"type\":\"view\",\"name\":\"pyCaseSummary\"}}]},{\"name\":\"Stages\",\"type\":\"Region\",\"children\":[{\"type\":\"reference\",\"config\":{\"type\":\"view\",\"name\":\"pyStages\"}}]},{\"name\":\"Todo\",\"type\":\"Region\",\"children\":[{\"type\":\"reference\",\"config\":{\"type\":\"view\",\"name\":\"pyCaseWorkarea\"}}]},{\"name\":\"Tabs\",\"type\":\"Region\",\"children\":[{\"type\":\"DeferLoad\",\"config\":{\"name\":\"pyDetailsTabContent\",\"label\":\"Details\"}},{\"type\":\"DeferLoad\",\"config\":{\"name\":\"pyCasePulse\",\"label\":\"Pulse\"}},{\"type\":\"DeferLoad\",\"config\":{\"name\":\"CaseHistory\",\"label\":\"History\"}},{\"config\":{\"inheritedProps\":[{\"prop\":\"label\",\"value\":\"@L ApprovePurchase List\"}],\"name\":\"ApprovePurchaseList\"},\"type\":\"DeferLoad\"}]},{\"name\":\"Utilities\",\"type\":\"Region\",\"children\":[{\"type\":\"FileUtility\",\"config\":{\"label\":\"@L Attachments\"}},{\"type\":\"Followers\",\"config\":{\"label\":\"@L Followers\"}}]}]}"
}