{
  "Type" : "View",
  "Description" : "",
  "Reusability" : "Private",
  "SchemaVersion" : "0-0-2",
  "AppliesTo" : {
    "ReferenceID" : "DomlessPurchaseRequest",
    "Namespace" : "GoMechanic"
  },
  "RuleResolutionID" : "pyCasePreview",
  "ViewType" : "page",
  "Namespace" : "PegaPlatform",
  "Template" : "CasePreview",
  "Name" : "Preview",
  "ViewMetadata" : "{\"name\":\"pyCasePreview\",\"type\":\"View\",\"config\":{\"type\":\"page\",\"template\":\"CasePreview\",\"icon\":\"polaris-solid\",\"subtitle\":\"@P .BusinessID\",\"title\":\"@P .Name\",\"caseClass\":\"@P .pxObjClass\",\"showCaseSummary\":true,\"allowFollowing\":true,\"showCaseLifecycle\":true,\"showAssignments\":true,\"syncTabsFromDetails\":true,\"ruleClass\":\"DomlessPurchaseRequest\"},\"children\":[{\"name\":\"Stages\",\"type\":\"Region\",\"children\":[{\"type\":\"reference\",\"config\":{\"type\":\"view\",\"name\":\"pyStages\"}}]},{\"name\":\"Summary\",\"type\":\"Region\",\"children\":[{\"type\":\"reference\",\"config\":{\"type\":\"view\",\"name\":\"pyCaseSummary\"}},{\"type\":\"reference\",\"config\":{\"type\":\"view\",\"name\":\"pyCaseWorkarea\"}}]},{\"name\":\"Tabs\",\"type\":\"Region\",\"children\":[{\"type\":\"DeferLoad\",\"config\":{\"name\":\"pyDetailsTabContent\",\"label\":\"@L Details\"}},{\"type\":\"DeferLoad\",\"config\":{\"name\":\"pyCasePulse\",\"label\":\"@L Pulse\"}},{\"type\":\"DeferLoad\",\"config\":{\"name\":\"CaseHistory\",\"label\":\"@L History\"}},{\"config\":{\"inheritedProps\":[{\"prop\":\"label\",\"value\":\"@L ApprovePurchase List\"}],\"name\":\"ApprovePurchaseList\"},\"type\":\"DeferLoad\"}]},{\"name\":\"Utilities\",\"type\":\"Region\",\"children\":[{\"type\":\"FileUtility\",\"config\":{\"label\":\"@L Attachments\",\"showCategory\":false}},{\"type\":\"Followers\",\"config\":{\"label\":\"@L Followers\"}}]}],\"ID\":\"c7dfc175-f479-47be-85bc-781c3c5624b1\"}"
}