{
  "Type" : "View",
  "Description" : "",
  "Reusability" : "Private",
  "SchemaVersion" : "0-0-2",
  "AppliesTo" : {
    "ReferenceID" : "PurchaseRequest",
    "Namespace" : "GoMechanic"
  },
  "RuleResolutionID" : "Utilities",
  "ViewType" : "",
  "Namespace" : "PegaPlatform",
  "Name" : "Utilities",
  "Template" : "OneColumnPage",
  "ViewMetadata" : "{\"name\":\"Utilities\",\"type\":\"View\",\"config\":{\"template\":\"OneColumnPage\",\"ruleClass\":\"PurchaseRequest\"},\"children\":[{\"name\":\"A\",\"type\":\"Region\",\"children\":[{\"type\":\"FileUtility\",\"config\":{\"label\":\"@L Attachments\"}},{\"type\":\"Followers\",\"config\":{\"label\":\"@L Followers\"}}]}],\"ID\":\"28baf91d-9a49-4889-9141-1c4044d09653\"}"
}