{
  "Type" : "View",
  "Reusability" : "Private",
  "Description" : "Select extra services",
  "SchemaVersion" : "0-0-2",
  "AppliesTo" : {
    "ReferenceID" : "Servicerequest",
    "Namespace" : "GoMechanic"
  },
  "RuleResolutionID" : "SelectExtraServices",
  "ViewType" : "form",
  "Namespace" : "GoMechanic",
  "Name" : "Select extra services",
  "Template" : "DefaultForm",
  "ViewMetadata" : "{\"name\":\"SelectExtraServices\",\"type\":\"View\",\"config\":{\"template\":\"DefaultForm\",\"ruleClass\":\"Servicerequest\",\"label\":\"Select extra services\",\"instructions\":\"none\",\"NumCols\":\"1\",\"templateOverrideMode\":\"IGNORE_TEMPLATE\"},\"children\":[{\"name\":\"Fields\",\"type\":\"Region\",\"children\":[{\"type\":\"TextInput\",\"config\":{\"value\":\"@P .MonthlyOffers\",\"label\":\"@L Monthly offers\",\"visibility\":\"@E .MonthlyOffers != ''\",\"readOnly\":true}},{\"type\":\"TextInput\",\"config\":{\"value\":\"@P .WonderfulWednesdayOffer\",\"label\":\"@L Wonderful Wednesday offer\",\"visibility\":\"@E .WonderfulWednesdayOffer != ''\",\"readOnly\":true}},{\"type\":\"Date\",\"config\":{\"value\":\"@P .ServiceETADate\",\"label\":\"@L Expected Service ETA\",\"formatter\":\"defaultDate\"}},{\"type\":\"reference\",\"config\":{\"name\":\"SelectExtraServices_ExtraServices\",\"inheritedProps\":[{\"prop\":\"label\",\"value\":\"@L Extra services\"}],\"authorContext\":\".ExtraServices\",\"ruleClass\":\"Servicerequest\",\"type\":\"view\"}},{\"type\":\"Integer\",\"config\":{\"value\":\"@P .TotalSelectedServices\",\"label\":\"@L Total selected services\"}},{\"type\":\"Integer\",\"config\":{\"value\":\"@P .Count\",\"label\":\"@L Count\"}}]}],\"ID\":\"2b9778a0-f147-414c-ba5d-f05a3378a90b\"}"
}