{
  "Type" : "View",
  "Description" : "Create",
  "Reusability" : "Private",
  "SchemaVersion" : "0-0-2",
  "AppliesTo" : {
    "ReferenceID" : "Purchaser",
    "Namespace" : "GoMechanic"
  },
  "RuleResolutionID" : "Create",
  "AutoGenerated" : true,
  "ViewType" : "form",
  "Namespace" : "GoMechanic",
  "Template" : "DefaultForm",
  "Name" : "Create",
  "ViewMetadata" : "{\"name\":\"Create\",\"type\":\"View\",\"config\":{\"template\":\"DefaultForm\",\"ruleClass\":\"Purchaser\",\"ruleClassNamespace\":\"GoMechanic\",\"label\":\"Create\"},\"children\":[{\"name\":\"Fields\",\"type\":\"Region\",\"children\":[]}]}"
}