{
  "Type" : "View",
  "Reusability" : "Private",
  "SchemaVersion" : "0-0-2",
  "AppliesTo" : {
    "ReferenceID" : "Servicerequest",
    "Namespace" : "GoMechanic"
  },
  "RuleResolutionID" : "pyReview_ExtraServices",
  "ContextMetadata" : "",
  "ViewType" : "multirecordlist",
  "Namespace" : "GoMechanic",
  "Name" : "pyReview_ExtraServices",
  "ViewMetadata" : "{\"name\":\"pyReview_ExtraServices\",\"type\":\"View\",\"config\":{\"type\":\"multirecordlist\",\"contextClass\":\"ExtraServices\",\"referenceList\":\"@P .ExtraServices\",\"name\":\"ExtraServices\",\"ruleClass\":\"Servicerequest\",\"renderMode\":\"Editable\",\"template\":\"SimpleTable\",\"children\":[{\"name\":\"Columns\",\"type\":\"Region\",\"children\":[{\"type\":\"Decimal\",\"config\":{\"value\":\"@P .DiscountMultplier\",\"label\":\"@L Discount multplier\"}},{\"type\":\"Decimal\",\"config\":{\"value\":\"@P .ServicePrice\",\"label\":\"@L Service price\"}},{\"type\":\"TextInput\",\"config\":{\"value\":\"@P .ServiceType\",\"label\":\"@L Service type\"}},{\"type\":\"Checkbox\",\"config\":{\"label\":\"@L Service selected\",\"value\":\"@P .ServiceSelected\",\"trueLabel\":\"@L Yes\",\"falseLabel\":\"@L No\"}}]}],\"parentClass\":\"Servicerequest\",\"multiRecordDisplayAs\":\"table\"},\"ID\":\"37047168-52df-49d5-8d49-7b7c1da78ee9\"}",
  "Template" : "SimpleTable"
}