{
  "Type" : "View",
  "Description" : "Create service request",
  "Reusability" : "Private",
  "SchemaVersion" : "0-0-2",
  "AppliesTo" : {
    "ReferenceID" : "Servicerequest",
    "Namespace" : "GoMechanic"
  },
  "RuleResolutionID" : "CreateServiceRequest",
  "ViewType" : "form",
  "Namespace" : "GoMechanic",
  "Name" : "Create service request",
  "Template" : "DefaultForm",
  "ViewMetadata" : "{\"name\":\"CreateServiceRequest\",\"type\":\"View\",\"config\":{\"template\":\"DefaultForm\",\"ruleClass\":\"Servicerequest\",\"label\":\"Create service request\",\"NumCols\":\"1\",\"instructions\":\"casestep\"},\"children\":[{\"name\":\"Fields\",\"type\":\"Region\",\"children\":[{\"type\":\"DateTime\",\"config\":{\"value\":\"@P .CurrentDateAndTime\",\"label\":\"@L Current date time\",\"clockFormat\":\"24\",\"withSeconds\":true,\"readOnly\":true,\"showAsFormattedText\":true,\"formatter\":\"defaultDateTime\"}},{\"type\":\"TextInput\",\"config\":{\"value\":\"@P .FirstName\",\"label\":\"@L First Name\"}},{\"type\":\"Dropdown\",\"config\":{\"value\":\"@P .UserIssue\",\"label\":\"@L How can we help today?\",\"placeholder\":\"Select...\",\"listType\":\"associated\",\"datasource\":\"@ASSOCIATED .UserIssue\",\"required\":true}},{\"type\":\"Integer\",\"config\":{\"value\":\"@P .NumberOfTyres\",\"label\":\"@L Number of tires\",\"visibility\":\"@E .UserIssue == 'Flat tire'\",\"required\":true,\"helperText\":\"\"}},{\"type\":\"TextArea\",\"config\":{\"value\":\"@P .Description\",\"label\":\"@L Description\",\"required\":\"@E .UserIssue == 'Other'\"}},{\"type\":\"Integer\",\"config\":{\"value\":\"@P .LengthOfDescription\",\"label\":\"@L character count\",\"showGroupSeparators\":true,\"readOnly\":true,\"notation\":\"compact\",\"visibility\":\"@E .Description IS_NOT_NULL\"}},{\"type\":\"UserDataReference\",\"config\":{\"value\":\"@P .RequestedFor.ID\",\"label\":\"@L RequestedFor\",\"placeholder\":\" Select...\",\"datasource\":{\"source\":\"@DATASOURCE Users\",\"fields\":{\"ID\":\"@P .ID\",\"Name\":\"@P .Name\"}},\"name\":\"@P .RequestedFor.Name\",\"displayID\":\"@P .RequestedFor.BusinessID\"}},{\"type\":\"reference\",\"config\":{\"name\":\"CreateServiceRequest_LisftOfUsers\",\"inheritedProps\":[{\"prop\":\"label\",\"value\":\"@L LisftOfUsers\"}],\"ruleClass\":\"User\",\"type\":\"view\",\"authorContext\":\".LisftOfUsers\"}}]}],\"ID\":\"3714917f-937b-43f3-90e7-ad664eecee65\"}"
}