{
  "Type" : "View",
  "Reusability" : "Private",
  "SchemaVersion" : "0-0-2",
  "AppliesTo" : {
    "ReferenceID" : "Service",
    "Namespace" : "GoMechanic"
  },
  "RuleResolutionID" : "pyReview_ServiceDealer",
  "ContextMetadata" : "",
  "ViewType" : "",
  "Namespace" : "GoMechanic",
  "Name" : "pyReview_ServiceDealer",
  "ViewMetadata" : "{\"name\":\"pyReview_ServiceDealer\",\"type\":\"View\",\"config\":{\"template\":\"DataReference\",\"referenceList\":\"D_ServicedealerList\",\"name\":\"ServiceDealer\",\"mode\":\"readonly\",\"ruleClass\":\"Service\",\"contextClass\":\"Servicedealer\",\"selectionMode\":\"single\",\"classKeys\":[{\"name\":\"BusinessID\"}]},\"children\":[{\"type\":\"SemanticLink\",\"config\":{\"label\":\"@L Service dealer\",\"caseClass\":\"Servicedealer\",\"contextPage\":\"@P .ServiceDealer\",\"text\":\"@P .ServiceDealer.BusinessID\",\"referenceType\":\"data\",\"previewKey\":\"@P ..BusinessID\"}},{\"name\":\"Views\",\"type\":\"Region\",\"children\":[]}]}"
}