{
  "Type" : "View",
  "Reusability" : "Private",
  "Description" : "",
  "SchemaVersion" : "0-0-2",
  "AppliesTo" : {
    "ReferenceID" : "Data-Portal",
    "Namespace" : "PegaPlatform"
  },
  "RuleResolutionID" : "OpenServiceRequests2",
  "ContextMetadata" : "",
  "ViewType" : "listpage",
  "Namespace" : "GoMechanic",
  "Name" : "Open Service Requests",
  "ViewMetadata" : "{\"name\":\"OpenServiceRequests2\",\"type\":\"View\",\"config\":{\"type\":\"listpage\",\"template\":\"ListPage\",\"icon\":\"pi pi-headline\",\"title\":\"Open Service Requests\",\"personalization\":true,\"grouping\":true,\"globalSearch\":true,\"reorderFields\":true,\"toggleFieldVisibility\":true,\"showUploadRecords\":true,\"referenceList\":\"D_ServicerequestList\",\"ruleClass\":\"Data-Portal\",\"presets\":[{\"name\":\"presets\",\"template\":\"Table\",\"config\":{},\"children\":[{\"name\":\"Columns\",\"type\":\"Region\",\"children\":[{\"type\":\"Date\",\"config\":{\"value\":\"@P .VehiclePickupDate\",\"label\":\"@L Vehicle pickup date\"}},{\"type\":\"TextArea\",\"config\":{\"value\":\"@P .Description\",\"label\":\"@L Description\"}},{\"type\":\"Integer\",\"config\":{\"value\":\"@P .DaysBetweenPickupAndDrop\",\"label\":\"@L Days between pickup and drop\"}},{\"type\":\"Date\",\"config\":{\"value\":\"@P .ServiceETADate\",\"label\":\"@L Service ETA date\"}},{\"type\":\"Date\",\"config\":{\"value\":\"@P .VehicleDropDate\",\"label\":\"@L Vehicle drop date\"}},{\"type\":\"TextInput\",\"config\":{\"value\":\"@P .LastName\",\"label\":\"@L Last name\"}},{\"type\":\"TextInput\",\"config\":{\"value\":\"@P .FullName2\",\"label\":\"@L Full name\"}},{\"type\":\"TextInput\",\"config\":{\"value\":\"@P .FullName\",\"label\":\"@L Full name\"}},{\"type\":\"Dropdown\",\"config\":{\"value\":\"@P .UserIssue\",\"label\":\"@L User issue\",\"placeholder\":\"Select...\",\"listType\":\"associated\",\"datasource\":\"@ASSOCIATED .UserIssue\"}},{\"type\":\"Integer\",\"config\":{\"value\":\"@P .Count\",\"label\":\"@L Count\"}},{\"type\":\"TextInput\",\"config\":{\"value\":\"@P .Model\",\"label\":\"@L Model\"}}]}],\"label\":\"@L D_ServicerequestList\",\"id\":\"P_1686212953982\"}],\"actions\":[],\"allowAddingNewRecords\":false},\"ID\":\"3752a61d-a630-4771-b431-8922ca0f3e7b\"}",
  "Template" : "ListPage"
}