{
  "Type" : "View",
  "Description" : "Sales receipt",
  "Reusability" : "Private",
  "SchemaVersion" : "0-0-2",
  "AppliesTo" : {
    "ReferenceID" : "Servicerequest",
    "Namespace" : "GoMechanic"
  },
  "RuleResolutionID" : "SalesReceipt",
  "ViewType" : "page",
  "Namespace" : "GoMechanic",
  "Name" : "Sales receipt",
  "Template" : "Details",
  "ViewMetadata" : "{\"name\":\"SalesReceipt\",\"type\":\"View\",\"config\":{\"template\":\"Details\",\"ruleClass\":\"Servicerequest\",\"label\":\"Sales receipt\"},\"children\":[{\"name\":\"A\",\"type\":\"Region\",\"children\":[{\"type\":\"Group\",\"config\":{\"id\":\"group_r9bkrley6\",\"type\":\"any\",\"showHeading\":true,\"collapsible\":false,\"heading\":\"@L Customer details\"},\"children\":[{\"type\":\"TextInput\",\"config\":{\"value\":\"@P .LastName\",\"label\":\"@L Last name\"}},{\"type\":\"TextInput\",\"config\":{\"value\":\"@P .FirstName\",\"label\":\"@L First Name\"}}]}]}],\"ID\":\"3b3d4e68-97b2-4488-b91d-21e588b8bc32\"}"
}