{
  "Type" : "View",
  "Reusability" : "Private",
  "SchemaVersion" : "0-0-2",
  "AppliesTo" : {
    "ReferenceID" : "Service",
    "Namespace" : "GoMechanic"
  },
  "RuleResolutionID" : "CreateService_ServiceDealer2",
  "ContextMetadata" : "",
  "ViewType" : "",
  "Namespace" : "GoMechanic",
  "Name" : "Create Service_ServiceDealer",
  "ViewMetadata" : "{\"name\":\"CreateService_ServiceDealer2\",\"type\":\"View\",\"config\":{\"template\":\"DataReference\",\"referenceList\":\"D_ServicedealerList\",\"name\":\"ServiceDealer\",\"mode\":\"singleselect\",\"contextClass\":\"Servicedealer\",\"ruleClass\":\"Service\",\"selectionMode\":\"single\",\"classKeys\":[{\"name\":\"ID\"}],\"displayAs\":\"dropdown\"},\"children\":[{\"type\":\"Dropdown\",\"config\":{\"value\":\"@P .ServiceDealer.ID\",\"label\":\"@L \",\"previewKey\":\"@P .ServiceDealer.ID\",\"placeholder\":\"Select...\",\"listType\":\"datapage\",\"primaryField\":\"@P .ServiceDealer.DealerName\",\"datasource\":{\"source\":\"@DATASOURCE D_ServicedealerList.pxResults\",\"fields\":{\"value\":\"@P .BusinessID\",\"key\":\"@P .ID\",\"text\":\"@P .DealerName\"}}}},{\"name\":\"Views\",\"type\":\"Region\",\"children\":[]}],\"ID\":\"3d180f53-fb61-4794-9983-d122a2a337e8\"}",
  "Template" : "DataReference"
}