{
  "Type" : "View",
  "Reusability" : "Private",
  "SchemaVersion" : "0-0-2",
  "AppliesTo" : {
    "ReferenceID" : "Purchaser",
    "Namespace" : "GoMechanic"
  },
  "RuleResolutionID" : "Review_PurchaserRef",
  "ContextMetadata" : "",
  "AutoGenerated" : false,
  "ViewType" : "datareference",
  "Namespace" : "GoMechanic",
  "Name" : "Review_PurchaserRef",
  "Template" : "DataReference",
  "ViewMetadata" : "{\"name\":\"Review_PurchaserRef\",\"type\":\"View\",\"config\":{\"template\":\"DataReference\",\"referenceList\":\"PurchaserList\",\"name\":\"PurchaserRef\",\"mode\":\"multiselect\",\"ruleClass\":\"Purchaser\",\"ruleClassNamespace\":\"GoMechanic\",\"ruleNamespace\":\"GoMechanic\",\"contextClass\":\"Purchaser\",\"selectionMode\":\"multi\",\"classKeys\":[{\"name\":\"ID\"}],\"isCreationOfNewRecordAllowedForReference\":true,\"parentContextClass\":\"DomlessPurchaseRequest\",\"displayAs\":\"table\"},\"children\":[{\"type\":\"SimpleTableSelect\",\"config\":{\"label\":\"@L Purchaser Ref\",\"selectionKey\":\".ID\",\"referenceList\":\"PurchaserList\",\"readonlyContextList\":\"@P .PurchaserRef\",\"selectionList\":\".PurchaserRef\",\"contextClass\":\"Purchaser\",\"selectionMode\":\"multi\",\"referenceType\":\"Data\",\"primaryField\":\".PurchaserName\",\"detailsDisplay\":[{\"type\":\"TextInput\",\"config\":{\"value\":\"@P .PurchaserName\",\"label\":\"@L Purchaser Name\"}}],\"presets\":[{\"name\":\"presets\",\"template\":\"Table\",\"config\":{},\"label\":\"\",\"id\":\"P_\",\"children\":[{\"name\":\"Columns\",\"type\":\"Region\",\"children\":[{\"type\":\"TextInput\",\"config\":{\"readOnly\":true,\"label\":\"@L Purchaser Name\",\"value\":\"@P .PurchaserName\"}}]}]}],\"rowHeader\":{\"type\":\"TextInput\",\"config\":{\"value\":\"@P .Name\",\"label\":\"@L Name\"}}}},{\"name\":\"Views\",\"type\":\"Region\",\"children\":[]}],\"ID\":\"3d67690e-087e-416a-8fb7-8d3133d0dd7f\"}"
}