{
  "Type" : "View",
  "Description" : "Collect External User Routing info",
  "Reusability" : "Private",
  "SchemaVersion" : "0-0-2",
  "AppliesTo" : {
    "ReferenceID" : "ExternalUserRouting",
    "Namespace" : "GoMechanic"
  },
  "RuleResolutionID" : "Create",
  "AutoGenerated" : false,
  "ViewType" : "form",
  "Namespace" : "GoMechanic",
  "Name" : "Collect External User Routing info",
  "Template" : "DefaultForm",
  "ViewMetadata" : "{\"name\":\"Create\",\"type\":\"View\",\"config\":{\"template\":\"DefaultForm\",\"ruleClass\":\"ExternalUserRouting\",\"ruleClassNamespace\":\"GoMechanic\",\"label\":\"Collect External User Routing info\"},\"children\":[{\"name\":\"Fields\",\"type\":\"Region\",\"children\":[{\"type\":\"TextInput\",\"config\":{\"label\":\"@L First Name\",\"value\":\"@P .FirstName\"}},{\"type\":\"TextInput\",\"config\":{\"value\":\"@P .LastName\",\"label\":\"@L Last Name\"}},{\"type\":\"Email\",\"config\":{\"value\":\"@P .ExternalUserEmail\",\"label\":\"@L External User Email\"}},{\"type\":\"Attachment\",\"config\":{\"value\":\"@ATTACHMENT .Attachment_Field\",\"label\":\"@L Attachment_Field\",\"allowMultiple\":\"false\"}}]}],\"ID\":\"430e48d3-db4d-4f1b-94e3-605cada30d2e\"}"
}