{
  "Type" : "View",
  "Reusability" : "Private",
  "SchemaVersion" : "0-0-2",
  "AppliesTo" : {
    "ReferenceID" : "Servicerequest",
    "Namespace" : "GoMechanic"
  },
  "RuleResolutionID" : "CollectInfo",
  "ContextMetadata" : "",
  "ViewType" : "form",
  "Namespace" : "GoMechanic",
  "Name" : "Collect info",
  "ViewMetadata" : "{\"name\":\"CollectInfo\",\"type\":\"View\",\"config\":{\"template\":\"DefaultForm\",\"ruleClass\":\"Servicerequest\",\"label\":\"Collect info\"},\"children\":[{\"name\":\"Fields\",\"type\":\"Region\",\"children\":[{\"type\":\"reference\",\"config\":{\"name\":\"ServiceFeedback\",\"inheritedProps\":[{\"prop\":\"label\",\"value\":\"@L ServiceFeedback\"},{\"prop\":\"showLabel\",\"value\":true}],\"ruleClass\":\"Servicerequest\",\"type\":\"view\"}}]}],\"ID\":\"4397eec1-9a9c-4665-b003-28a890b24b96\"}",
  "Template" : "DefaultForm"
}