{
  "Type" : "View",
  "Reusability" : "Private",
  "SchemaVersion" : "0-0-2",
  "AppliesTo" : {
    "ReferenceID" : "Service",
    "Namespace" : "GoMechanic"
  },
  "RuleResolutionID" : "CreateService_ServiceRequest5",
  "ContextMetadata" : "",
  "ViewType" : "",
  "Namespace" : "GoMechanic",
  "Name" : "Create Service_ServiceRequest",
  "ViewMetadata" : "{\"name\":\"Create Service_ServiceRequest\",\"type\":\"View\",\"config\":{\"template\":\"DataReference\",\"referenceList\":\"D_ServicerequestList\",\"name\":\"ServiceRequest\",\"mode\":\"singleselect\",\"contextClass\":\"Servicerequest\",\"ruleClass\":\"Service\",\"selectionMode\":\"single\",\"classKeys\":[{\"name\":\"ID\"}]},\"children\":[{\"type\":\"AutoComplete\",\"config\":{\"value\":\"@P .ServiceRequest.ID\",\"label\":\"@L \",\"previewKey\":\"@P .ServiceRequest.ID\",\"placeholder\":\"Select...\",\"listType\":\"datapage\",\"datasource\":\"D_ServicerequestList\",\"primaryField\":\"@P .ServiceRequest.Name\",\"deferDatasource\":true,\"columns\":[{\"value\":\".ID\",\"setProperty\":\"Associated property\",\"key\":\"true\"},{\"value\":\".Name\",\"display\":\"true\",\"useForSearch\":true,\"primary\":\"true\"},{\"value\":\".BusinessID\",\"display\":\"true\",\"useForSearch\":true,\"secondary\":\"true\"}]}},{\"name\":\"Views\",\"type\":\"Region\",\"children\":[]}]}",
  "Template" : "DataReference"
}