{
  "Type" : "View",
  "Reusability" : "Private",
  "SchemaVersion" : "0-0-2",
  "AppliesTo" : {
    "ReferenceID" : "Servicedealer",
    "Namespace" : "GoMechanic"
  },
  "RuleResolutionID" : "CreateServiceDealer_ServicesProvided",
  "ContextMetadata" : "",
  "ViewType" : "multirecordlist",
  "Namespace" : "GoMechanic",
  "Name" : "Create Service dealer_ServicesProvided",
  "Template" : "SimpleTable",
  "ViewMetadata" : "{\"name\":\"CreateServiceDealer_ServicesProvided\",\"type\":\"View\",\"config\":{\"type\":\"multirecordlist\",\"contextClass\":\"ExtraServices\",\"referenceList\":\"@P .ServicesProvided\",\"name\":\"ServicesProvided\",\"ruleClass\":\"Servicedealer\",\"renderMode\":\"Editable\",\"template\":\"SimpleTable\",\"children\":[{\"name\":\"Columns\",\"type\":\"Region\",\"children\":[{\"type\":\"Checkbox\",\"config\":{\"label\":\"\",\"value\":\"@P .ServiceSelected\",\"trueLabel\":\"@L Yes\",\"falseLabel\":\"@L No\",\"caption\":\"@L Service selected\",\"hideLabel\":false}},{\"type\":\"TextInput\",\"config\":{\"value\":\"@P .ServiceType\",\"label\":\"@L Service type\"}},{\"type\":\"Integer\",\"config\":{\"value\":\"@P .ParallelServicesCount\",\"label\":\"@L ParallelServicesCount\"}}]}],\"parentClass\":\"Servicedealer\",\"multiRecordDisplayAs\":\"table\",\"editMode\":\"tableRows\"},\"ID\":\"47bfa50b-55d2-46a0-aa35-3b0e57c63fd1\"}"
}