{
  "Type" : "View",
  "Reusability" : "Private",
  "SchemaVersion" : "0-0-2",
  "AppliesTo" : {
    "ReferenceID" : "Service",
    "Namespace" : "GoMechanic"
  },
  "RuleResolutionID" : "SRDetails_Services",
  "ContextMetadata" : "",
  "ViewType" : "",
  "Namespace" : "GoMechanic",
  "Name" : "SR details_Services",
  "ViewMetadata" : "{\"name\":\"SRDetails_Services\",\"type\":\"View\",\"config\":{\"template\":\"DataReference\",\"referenceList\":\"D_ServiceList\",\"name\":\"Services\",\"mode\":\"readonly\",\"ruleClass\":\"Service\",\"contextClass\":\"Servicerequest\",\"selectionMode\":\"multi\",\"classKeys\":[{\"name\":\"ID\"}],\"displayAs\":\"readonlyMulti\"},\"children\":[{\"type\":\"SimpleTableSelect\",\"config\":{\"label\":\"@L Services\",\"selectionKey\":\".ID\",\"referenceList\":\"D_ServiceList\",\"readonlyContextList\":\"@P .Services\",\"selectionList\":\".Services\",\"contextClass\":\"Service\",\"selectionMode\":\"multi\",\"referenceType\":\"Case\",\"primaryField\":\".BusinessID\",\"detailsDisplay\":[{\"type\":\"TextInput\",\"config\":{\"value\":\"@P .BusinessID\",\"label\":\"@L BusinessID\"}},{\"type\":\"TextInput\",\"config\":{\"value\":\"@P .ID\",\"label\":\"@L Case ID\",\"previewKey\":\"@P .pzInsKey\",\"displayAsLink\":true}}],\"presets\":[{\"name\":\"presets\",\"template\":\"Table\",\"config\":{},\"label\":\"\",\"id\":\"P_\",\"children\":[{\"name\":\"Columns\",\"type\":\"Region\",\"children\":[{\"type\":\"TextInput\",\"config\":{\"value\":\"@P .BusinessID\",\"label\":\"@L BusinessID\",\"readOnly\":true}}]}]}],\"renderMode\":\"ReadOnly\"}},{\"name\":\"Views\",\"type\":\"Region\",\"children\":[]}],\"ID\":\"48a31c35-aa92-40cc-800e-87fc2c5e0210\"}",
  "Template" : "DataReference"
}