{
  "Type" : "View",
  "Reusability" : "Private",
  "SchemaVersion" : "0-0-2",
  "AppliesTo" : {
    "ReferenceID" : "DomlessPurchaseRequest",
    "Namespace" : "GoMechanic"
  },
  "RuleResolutionID" : "ApprovePurchase",
  "ContextMetadata" : "",
  "ViewType" : "",
  "Namespace" : "GoMechanic",
  "Name" : "ApprovePurchase",
  "Template" : "ListView",
  "ViewMetadata" : "{\"name\":\"ApprovePurchase\",\"type\":\"View\",\"config\":{\"type\":\"casetypelist\",\"template\":\"ListView\",\"title\":\"Approve Purchase\",\"personalization\":true,\"grouping\":true,\"globalSearch\":true,\"reorderFields\":true,\"toggleFieldVisibility\":true,\"caseTypeReference\":\"DomlessPurchaseRequest\",\"referenceList\":\"ApprovePurchaseListByDomlessPurchaseRequestId\",\"ruleClass\":\"DomlessPurchaseRequest\",\"presets\":[{\"name\":\"presets\",\"template\":\"Table\",\"config\":{},\"children\":[{\"name\":\"Columns\",\"type\":\"Region\",\"children\":[{\"type\":\"TextInput\",\"config\":{\"value\":\"@P .PurchaseRequestor\",\"label\":\"@L Purchase Requestor\"}},{\"type\":\"TextInput\",\"config\":{\"value\":\"@P .BusinessID\",\"label\":\"@L BusinessID\",\"readOnly\":true,\"additionalDetails\":{\"type\":\"DISPLAY_LINK\",\"params\":{}}}},{\"type\":\"TextInput\",\"config\":{\"value\":\"@P .Status\",\"label\":\"@L Status\",\"readOnly\":true}},{\"type\":\"Currency\",\"config\":{\"value\":\"@P .TotalPurchaseCost\",\"label\":\"@L Total Purchase Cost\",\"isoCodeSelection\":\"constant\",\"currencyISOCode\":\"USD\",\"allowDecimals\":true}}]}],\"label\":\"Approve Purchase\"}],\"actions\":[{\"action\":\"ADD_CASE\",\"config\":{\"label\":\"@L Add\",\"caseType\":\"ApprovePurchase\",\"inputFields\":{\".DomlessPurchaseRequest.ID\":\"@P .ID\"}}}],\"allowAddingNewRecords\":true,\"parameters\":{\"ID\":\"@P .ID\"},\"editing\":true,\"rowHeader\":{\"type\":\"TextInput\",\"config\":{\"value\":\"@P .Name\",\"label\":\"@L Name\"}}},\"ID\":\"4ab6a200-3a03-4ad0-b1c2-08c31ff51d07\"}"
}