{
  "Type" : "View",
  "Reusability" : "Private",
  "SchemaVersion" : "0-0-2",
  "AppliesTo" : {
    "ReferenceID" : "Servicerequest",
    "Namespace" : "GoMechanic"
  },
  "RuleResolutionID" : "History2",
  "ContextMetadata" : "",
  "ViewType" : "tab",
  "Namespace" : "GoMechanic",
  "Name" : "History",
  "Template" : "OneColumnTab",
  "ViewMetadata" : "{\"name\":\"History2\",\"type\":\"View\",\"config\":{\"template\":\"OneColumnTab\",\"ruleClass\":\"Servicerequest\"},\"children\":[{\"name\":\"A\",\"type\":\"Region\",\"children\":[{\"type\":\"CaseHistory\",\"config\":{\"label\":\"@L Case history\"}}]}],\"ID\":\"4d9b3dc7-8a2b-436a-bec2-3c7d2d1037c4\"}"
}