{
  "Type" : "View",
  "Reusability" : "Private",
  "SchemaVersion" : "0-0-2",
  "AppliesTo" : {
    "ReferenceID" : "Service",
    "Namespace" : "GoMechanic"
  },
  "RuleResolutionID" : "AddServices_Services",
  "ContextMetadata" : "",
  "ViewType" : "",
  "Namespace" : "GoMechanic",
  "Name" : "Add services_Services",
  "ViewMetadata" : "{\"name\":\"AddServices_Services\",\"type\":\"View\",\"config\":{\"template\":\"DataReference\",\"referenceList\":\"D_ServiceList\",\"name\":\"Services\",\"mode\":\"multiselect\",\"ruleClass\":\"Service\",\"contextClass\":\"Service\",\"selectionMode\":\"multi\",\"classKeys\":[{\"name\":\"ID\"}],\"displayAs\":\"table\"},\"children\":[{\"type\":\"SimpleTableSelect\",\"config\":{\"label\":\"@L Services\",\"selectionKey\":\".ID\",\"referenceList\":\"D_ServiceList\",\"readonlyContextList\":\"@P .Services\",\"selectionList\":\".Services\",\"contextClass\":\"Service\",\"selectionMode\":\"multi\",\"referenceType\":\"Case\",\"primaryField\":\".Name\",\"detailsDisplay\":[{\"type\":\"TextInput\",\"config\":{\"value\":\"@P .Name\",\"label\":\"@L Label\"}},{\"type\":\"TextInput\",\"config\":{\"value\":\"@P .ID\",\"label\":\"@L Case ID\",\"previewKey\":\"@P .pzInsKey\",\"displayAsLink\":true}}],\"presets\":[{\"name\":\"presets\",\"template\":\"Table\",\"config\":{},\"label\":\"\",\"id\":\"P_\",\"children\":[{\"name\":\"Columns\",\"type\":\"Region\",\"children\":[{\"type\":\"TextInput\",\"config\":{\"value\":\"@P .BusinessID\",\"label\":\"@L BusinessID\",\"readOnly\":true,\"displayAsLink\":true}}]}]}]}},{\"name\":\"Views\",\"type\":\"Region\",\"children\":[]}],\"ID\":\"5043c260-79c7-4d00-b553-f48507634161\"}",
  "Template" : "DataReference"
}