{
  "Type" : "View",
  "Reusability" : "Private",
  "SchemaVersion" : "0-0-2",
  "AppliesTo" : {
    "ReferenceID" : "Service",
    "Namespace" : "GoMechanic"
  },
  "RuleResolutionID" : "CreateService_ServiceRequest2",
  "ContextMetadata" : "",
  "ViewType" : "",
  "Namespace" : "GoMechanic",
  "Name" : "Service request",
  "ViewMetadata" : "{\"name\":\"CreateService_ServiceRequest2\",\"type\":\"View\",\"config\":{\"template\":\"DataReference\",\"referenceList\":\"D_ServicerequestList\",\"name\":\"ServiceRequest\",\"mode\":\"singleselect\",\"contextClass\":\"Servicerequest\",\"ruleClass\":\"Service\",\"selectionMode\":\"single\",\"classKeys\":[{\"name\":\"BusinessID\"}],\"displayAs\":\"autocomplete\",\"allowAndPersistChangesInReviewMode\":true},\"children\":[{\"type\":\"AutoComplete\",\"config\":{\"value\":\"@P .ServiceRequest.BusinessID\",\"label\":\"@L \",\"previewKey\":\"@P .ServiceRequest.BusinessID\",\"placeholder\":\"Select...\",\"listType\":\"datapage\",\"datasource\":\"D_ServicerequestList\",\"primaryField\":\"@P .ServiceRequest.Name\",\"columns\":[{\"value\":\".BusinessID\",\"setProperty\":\"Associated property\",\"key\":\"true\"},{\"value\":\".Name\",\"display\":\"true\",\"useForSearch\":true,\"primary\":\"true\"}],\"selectionKey\":\"@P .ServiceRequest.BusinessID\",\"deferDatasource\":true}},{\"name\":\"Views\",\"type\":\"Region\",\"children\":[]}],\"ID\":\"5496fd69-0396-4d18-ab97-b7548f977742\"}",
  "Template" : "DataReference"
}