{
  "Type" : "View",
  "Description" : "All vehicle makes",
  "Reusability" : "Private",
  "SchemaVersion" : "0-0-2",
  "AppliesTo" : {
    "ReferenceID" : "CarMakers",
    "Namespace" : "GoMechanic"
  },
  "RuleResolutionID" : "AllVehicleMakes",
  "ViewType" : "list",
  "Namespace" : "GoMechanic",
  "Name" : "All vehicle makes",
  "Template" : "ListView",
  "ViewMetadata" : "{\"name\":\"AllVehicleMakes\",\"type\":\"View\",\"config\":{\"template\":\"ListView\",\"ruleClass\":\"CarMakers\",\"label\":\"All vehicle makes\",\"title\":\"All vehicle makes\",\"referenceList\":\"D_GetCarMakers\",\"presets\":[{\"name\":\"presets\",\"template\":\"Table\",\"config\":{},\"children\":[{\"name\":\"Columns\",\"type\":\"Region\",\"children\":[{\"type\":\"TextInput\",\"config\":{\"value\":\"@P .Make\",\"label\":\"@L Make\"}}]}],\"label\":\"@L D_GetCarMakers\",\"id\":\"P_1653582034748\"}],\"actions\":[],\"moveRecordsDT\":\"\",\"allowAddingNewRecords\":false},\"ID\":\"55da8c1b-a375-4e08-9cd3-8a15e82c3d45\"}"
}