{
  "Type" : "View",
  "Description" : "",
  "Reusability" : "Private",
  "SchemaVersion" : "0-0-2",
  "AppliesTo" : {
    "ReferenceID" : "Data-Portal",
    "Namespace" : "PegaPlatform"
  },
  "RuleResolutionID" : "MyServiceDealers",
  "ViewType" : "listpage",
  "Namespace" : "GoMechanic",
  "Template" : "ListPage",
  "Name" : "My Service Dealers",
  "ViewMetadata" : "{\"name\":\"MyServiceDealers\",\"type\":\"View\",\"config\":{\"type\":\"listpage\",\"template\":\"ListPage\",\"icon\":\"pi pi-headline\",\"title\":\"My Service Dealers\",\"showUploadRecords\":true,\"ruleClass\":\"Data-Portal\",\"referenceList\":\"D_ServicedealerList\",\"actions\":[{\"action\":\"UPLOAD_RECORDS\",\"config\":{\"label\":\"@L Upload\",\"objectType\":\"Servicedealer\"}}],\"allowAddingNewRecords\":false,\"presets\":[{\"name\":\"presets\",\"template\":\"Table\",\"config\":{},\"children\":[{\"name\":\"Columns\",\"type\":\"Region\",\"children\":[{\"type\":\"TextInput\",\"config\":{\"value\":\"@P .DealerName\",\"label\":\"@L Dealer name\"}},{\"type\":\"TextInput\",\"config\":{\"value\":\"@P .ServiceArea\",\"label\":\"@L Service area\"}},{\"type\":\"TextArea\",\"config\":{\"value\":\"@P .Description\",\"label\":\"@L Description\"}},{\"type\":\"TextInput\",\"config\":{\"value\":\"@P .Name\",\"label\":\"@L Name\",\"additionalDetails\":{\"type\":\"DISPLAY_LINK\",\"params\":{}}}}]}],\"label\":\"@L D_ServicedealerList\",\"id\":\"P_1678795774477\"}]},\"ID\":\"56d7207a-6ace-42a9-bf50-9dda93a0004c\"}"
}