{
  "Type" : "View",
  "Reusability" : "Private",
  "SchemaVersion" : "0-0-2",
  "AppliesTo" : {
    "ReferenceID" : "Servicerequest",
    "Namespace" : "GoMechanic"
  },
  "RuleResolutionID" : "SRDetails_ExtraServices2",
  "ContextMetadata" : "",
  "ViewType" : "multirecordlist",
  "Namespace" : "GoMechanic",
  "Name" : "SR details_ExtraServices",
  "ViewMetadata" : "{\"name\":\"SRDetails_ExtraServices2\",\"type\":\"View\",\"config\":{\"type\":\"multirecordlist\",\"contextClass\":\"ExtraServices\",\"referenceList\":\"@P .ExtraServices\",\"name\":\"ExtraServices\",\"ruleClass\":\"Servicerequest\",\"renderMode\":\"ReadOnly\",\"template\":\"SimpleTable\",\"children\":[{\"name\":\"Columns\",\"type\":\"Region\",\"children\":[{\"type\":\"Checkbox\",\"config\":{\"label\":\"@L Selected\",\"value\":\"@P .ServiceSelected\",\"trueLabel\":\"@L Yes\",\"falseLabel\":\"@L No\"}},{\"type\":\"TextInput\",\"config\":{\"value\":\"@P .ServiceType\",\"label\":\"@L Service type\",\"fillAvailableSpace\":true}},{\"type\":\"Decimal\",\"config\":{\"value\":\"@P .FinalPrice\",\"label\":\"@L Cost\",\"fillAvailableSpace\":false}}]}],\"parentClass\":\"Servicerequest\",\"multiRecordDisplayAs\":\"table\"},\"ID\":\"57fc9928-6a2d-4ed7-ac1d-aac52e58121c\"}",
  "Template" : "SimpleTable"
}