{
  "Reusability" : "Private",
  "Description" : "",
  "SchemaVersion" : "0-0-2",
  "AppliesTo" : {
    "ReferenceID" : "PurchaseRequest",
    "Namespace" : "GoMechanic"
  },
  "ContextMetadata" : "",
  "Namespace" : "PegaPlatform",
  "Name" : "pyCaseSummary",
  "Template" : "CaseSummary",
  "Type" : "View",
  "RuleResolutionID" : "pyCaseSummary",
  "AutoGenerated" : false,
  "ViewType" : "summary",
  "ViewMetadata" : "{\"ID\":\"596f87ae-ce5e-4add-b659-56477c46b96e\",\"name\":\"pyCaseSummary\",\"type\":\"View\",\"config\":{\"template\":\"CaseSummary\",\"ruleClass\":\"PurchaseRequest\"},\"children\":[{\"name\":\"Primary fields\",\"type\":\"Region\",\"children\":[{\"type\":\"Decimal\",\"config\":{\"label\":\"@L Urgency\",\"value\":\"@P .Urgency\"}},{\"type\":\"TextInput\",\"config\":{\"label\":\"@L Case Status\",\"value\":\"@P .Status\"}}]},{\"name\":\"Secondary fields\",\"type\":\"Region\",\"children\":[{\"type\":\"TextInput\",\"config\":{\"label\":\"@L Name\",\"value\":\"@P .Name\"}},{\"type\":\"TextArea\",\"config\":{\"label\":\"@L Description\",\"value\":\"@P .Description\"}},{\"type\":\"TextInput\",\"config\":{\"value\":\"@P .EmployeeName\",\"label\":\"@L Employee Name\"}}]}]}"
}