{
  "Type" : "View",
  "Reusability" : "Private",
  "SchemaVersion" : "0-0-2",
  "AppliesTo" : {
    "ReferenceID" : "Servicerequest",
    "Namespace" : "GoMechanic"
  },
  "RuleResolutionID" : "SelectExtraServices_ExtraServices",
  "ContextMetadata" : "",
  "ViewType" : "multirecordlist",
  "Namespace" : "GoMechanic",
  "Name" : "Select extra services_ExtraServices",
  "ViewMetadata" : "{\"name\":\"SelectExtraServices_ExtraServices\",\"type\":\"View\",\"config\":{\"type\":\"multirecordlist\",\"contextClass\":\"ExtraServices\",\"referenceList\":\"@P .ExtraServices\",\"name\":\"ExtraServices\",\"ruleClass\":\"Servicerequest\",\"renderMode\":\"Editable\",\"template\":\"SimpleTable\",\"children\":[{\"name\":\"Columns\",\"type\":\"Region\",\"children\":[{\"type\":\"Checkbox\",\"config\":{\"label\":\"\",\"value\":\"@P .ServiceSelected\",\"trueLabel\":\"@L Yes\",\"falseLabel\":\"@L No\",\"fillAvailableSpace\":false}},{\"type\":\"TextInput\",\"config\":{\"value\":\"@P .ServiceType\",\"label\":\"@L Service type\",\"fillAvailableSpace\":false,\"disabled\":true}},{\"type\":\"Decimal\",\"config\":{\"value\":\"@P .ServicePrice\",\"label\":\"@L Price\",\"fillAvailableSpace\":false,\"disabled\":true}}]}],\"parentClass\":\"Servicerequest\",\"multiRecordDisplayAs\":\"table\",\"allowTableEdit\":\"@E .CurrentStage == 'ABCD'\"},\"ID\":\"59a43b57-6692-4703-8651-6b4e113b975e\"}",
  "Template" : "SimpleTable"
}