{
  "Type" : "View",
  "Reusability" : "Private",
  "SchemaVersion" : "0-0-2",
  "AppliesTo" : {
    "ReferenceID" : "Servicerequest",
    "Namespace" : "GoMechanic"
  },
  "RuleResolutionID" : "VehicleInfo_ServiceDealerRef",
  "ContextMetadata" : "",
  "ViewType" : "datareference",
  "Namespace" : "GoMechanic",
  "Name" : "Vehicle info_ServiceDealerRef",
  "ViewMetadata" : "{\"name\":\"Vehicle info_ServiceDealerRef\",\"type\":\"View\",\"config\":{\"template\":\"DataReference\",\"referenceList\":\"D_ServicedealerList\",\"name\":\"ServiceDealerRef\",\"mode\":\"singleselect\",\"contextClass\":\"Servicedealer\",\"ruleClass\":\"Servicerequest\",\"ruleClassNamespace\":\"GoMechanic\",\"ruleNamespace\":\"GoMechanic\",\"selectionMode\":\"single\",\"classKeys\":[{\"name\":\"ID\"}]},\"children\":[{\"type\":\"AutoComplete\",\"config\":{\"value\":\"@P .ServiceDealerRef.ID\",\"label\":\"@L \",\"previewKey\":\"@P .ServiceDealerRef.ID\",\"placeholder\":\"Select...\",\"listType\":\"datapage\",\"datasource\":\"D_ServicedealerList\",\"primaryField\":\"@P .ServiceDealerRef.Name\",\"deferDatasource\":true,\"columns\":[{\"value\":\".ID\",\"setProperty\":\"Associated property\",\"key\":\"true\"},{\"value\":\".Name\",\"display\":\"true\",\"useForSearch\":true,\"primary\":\"true\"},{\"value\":\".BusinessID\",\"display\":\"true\",\"useForSearch\":true,\"secondary\":\"true\"}]}},{\"name\":\"Views\",\"type\":\"Region\",\"children\":[]}]}",
  "Template" : "DataReference"
}