{
  "Type" : "View",
  "Reusability" : "Private",
  "SchemaVersion" : "0-0-2",
  "AppliesTo" : {
    "ReferenceID" : "ProblemCase",
    "Namespace" : "GoMechanic"
  },
  "RuleResolutionID" : "InProgress",
  "ContextMetadata" : "",
  "ViewType" : "form",
  "Namespace" : "GoMechanic",
  "Name" : "In progress",
  "Template" : "DefaultForm",
  "ViewMetadata" : "{\"name\":\"InProgress\",\"type\":\"View\",\"config\":{\"template\":\"DefaultForm\",\"ruleClass\":\"ProblemCase\",\"ruleClassNamespace\":\"GoMechanic\",\"label\":\"In progress\"},\"children\":[{\"name\":\"Fields\",\"type\":\"Region\",\"children\":[{\"type\":\"TextInput\",\"config\":{\"value\":\"@P .Name\",\"label\":\"@L Name\"}}]}],\"ID\":\"5cb237e8-10d9-468b-b755-14f526701762\"}"
}