{
  "Type" : "View",
  "Reusability" : "Private",
  "SchemaVersion" : "0-0-2",
  "AppliesTo" : {
    "ReferenceID" : "Service",
    "Namespace" : "GoMechanic"
  },
  "RuleResolutionID" : "CreateService_ServiceInspector",
  "ContextMetadata" : "",
  "ViewType" : "",
  "Namespace" : "GoMechanic",
  "Name" : "Create Service_ServiceInspector",
  "ViewMetadata" : "{\"name\":\"Create Service_ServiceInspector\",\"type\":\"View\",\"config\":{\"template\":\"DataReference\",\"referenceList\":\"ActiveUsers\",\"name\":\"ServiceInspector\",\"mode\":\"singleselect\",\"contextClass\":\"User\",\"ruleClass\":\"Service\",\"selectionMode\":\"single\",\"classKeys\":[{\"name\":\"ID\"}]},\"children\":[{\"type\":\"AutoComplete\",\"config\":{\"value\":\"@P .ServiceInspector.ID\",\"label\":\"@L \",\"previewKey\":\"@P .ServiceInspector.ID\",\"placeholder\":\"Select...\",\"listType\":\"datapage\",\"datasource\":\"ActiveUsers\",\"primaryField\":\"@P .ServiceInspector.Name\",\"deferDatasource\":true,\"columns\":[{\"value\":\".ID\",\"setProperty\":\"Associated property\",\"key\":\"true\"},{\"value\":\".Name\",\"display\":\"true\",\"useForSearch\":true,\"primary\":\"true\"},{\"value\":\".BusinessID\",\"display\":\"true\",\"useForSearch\":true,\"secondary\":\"true\"}]}},{\"name\":\"Views\",\"type\":\"Region\",\"children\":[]}]}",
  "Template" : "DataReference"
}