{
  "Type" : "View",
  "Description" : "",
  "Reusability" : "Private",
  "SchemaVersion" : "0-0-2",
  "AppliesTo" : {
    "ReferenceID" : "DomlessPurchaseRequest",
    "Namespace" : "GoMechanic"
  },
  "RuleResolutionID" : "pyDetails",
  "ViewType" : "page",
  "Namespace" : "PegaPlatform",
  "Name" : "pyDetails",
  "Template" : "CaseView",
  "ViewMetadata" : "{\"ID\":\"6197767f-82f3-4aa9-97cb-b540981d5fe6\",\"name\":\"pyDetails\",\"type\":\"View\",\"config\":{\"type\":\"page\",\"template\":\"CaseView\",\"icon\":\"polaris-solid\",\"subheader\":\"@P .BusinessID\",\"header\":\"@P .Name\",\"caseClass\":\"@P .pxObjClass\",\"showIconInHeader\":true,\"showCaseLifecycle\":true,\"ruleClass\":\"DomlessPurchaseRequest\"},\"children\":[{\"name\":\"Summary\",\"type\":\"Region\",\"children\":[{\"type\":\"reference\",\"config\":{\"type\":\"view\",\"name\":\"pyCaseSummary\"}}]},{\"name\":\"Stages\",\"type\":\"Region\",\"children\":[{\"type\":\"reference\",\"config\":{\"type\":\"view\",\"name\":\"pyStages\"}}]},{\"name\":\"Todo\",\"type\":\"Region\",\"children\":[{\"type\":\"reference\",\"config\":{\"type\":\"view\",\"name\":\"pyCaseWorkarea\"}}]},{\"name\":\"Tabs\",\"type\":\"Region\",\"children\":[{\"type\":\"DeferLoad\",\"config\":{\"name\":\"pyDetailsTabContent\",\"label\":\"@L Details\"}},{\"type\":\"DeferLoad\",\"config\":{\"name\":\"pyCasePulse\",\"label\":\"@L Pulse\"}},{\"type\":\"DeferLoad\",\"config\":{\"name\":\"CaseHistory\",\"label\":\"@L History\"}},{\"config\":{\"inheritedProps\":[{\"prop\":\"label\",\"value\":\"@L ApprovePurchase List\"}],\"name\":\"ApprovePurchaseList\"},\"type\":\"DeferLoad\"}]},{\"name\":\"Utilities\",\"type\":\"Region\",\"children\":[{\"type\":\"FileUtility\",\"config\":{\"label\":\"@L Attachments\",\"showCategory\":false}},{\"type\":\"Followers\",\"config\":{\"label\":\"@L Followers\"}}]}]}"
}