{
  "Type" : "View",
  "Reusability" : "Private",
  "SchemaVersion" : "0-0-2",
  "AppliesTo" : {
    "ReferenceID" : "Servicedealer",
    "Namespace" : "GoMechanic"
  },
  "RuleResolutionID" : "Edit_ServicesProvided",
  "ContextMetadata" : "",
  "ViewType" : "multirecordlist",
  "Namespace" : "GoMechanic",
  "Name" : "Edit_ServicesProvided",
  "ViewMetadata" : "{\"name\":\"Edit_ServicesProvided\",\"type\":\"View\",\"config\":{\"type\":\"multirecordlist\",\"contextClass\":\"ExtraServices\",\"referenceList\":\"@P .ServicesProvided\",\"name\":\"ServicesProvided\",\"ruleClass\":\"Servicedealer\",\"renderMode\":\"Editable\",\"template\":\"SimpleTable\",\"children\":[{\"name\":\"Columns\",\"type\":\"Region\",\"children\":[{\"type\":\"TextInput\",\"config\":{\"value\":\"@P .ServiceType\",\"label\":\"@L Service type\"}},{\"type\":\"Integer\",\"config\":{\"value\":\"@P .ParallelServicesCount\",\"label\":\"@L No of parallel services can accomodate\",\"showGroupSeparators\":true}}]}],\"parentClass\":\"Case\",\"multiRecordDisplayAs\":\"table\"},\"ID\":\"62198fe4-8062-49ea-8734-ea5046f024d6\"}",
  "Template" : "SimpleTable"
}