{
  "Type" : "View",
  "Reusability" : "Private",
  "SchemaVersion" : "0-0-2",
  "AppliesTo" : {
    "ReferenceID" : "Service",
    "Namespace" : "GoMechanic"
  },
  "RuleResolutionID" : "pyReview_ServiceRequest2",
  "ContextMetadata" : "",
  "ViewType" : "",
  "Namespace" : "GoMechanic",
  "Name" : "pyReview_ServiceRequest",
  "ViewMetadata" : "{\"name\":\"pyReview_ServiceRequest2\",\"type\":\"View\",\"config\":{\"template\":\"DataReference\",\"referenceList\":\"D_ServicerequestList\",\"name\":\"ServiceRequest\",\"mode\":\"readonly\",\"ruleClass\":\"Service\",\"contextClass\":\"Servicerequest\",\"selectionMode\":\"single\",\"classKeys\":[{\"name\":\"BusinessID\"}],\"displayAs\":\"readonly\"},\"children\":[{\"type\":\"SemanticLink\",\"config\":{\"label\":\"@L Service request\",\"caseClass\":\"Servicerequest\",\"contextPage\":\"@P .ServiceRequest\",\"text\":\"@P .ServiceRequest.Name\",\"caseID\":\"@P .ServiceRequest.BusinessID\",\"caseLabel\":\"@P .ServiceRequest.Name\",\"previewKey\":\"@P .ServiceRequest.BusinessID\",\"resourceParams\":{\"workID\":\"@P .ServiceRequest.BusinessID\"},\"resourcePayload\":{\"caseClassName\":\"Servicerequest\"}}},{\"name\":\"Views\",\"type\":\"Region\",\"children\":[]}],\"ID\":\"63ed94ab-e556-4584-b7ca-2c8793c4f3f3\"}"
}