{
  "Type" : "View",
  "Reusability" : "Private",
  "SchemaVersion" : "0-0-2",
  "AppliesTo" : {
    "ReferenceID" : "PurchaseRequest",
    "Namespace" : "GoMechanic"
  },
  "RuleResolutionID" : "PurchaseSummary",
  "ContextMetadata" : "",
  "ViewType" : "form",
  "Namespace" : "GoMechanic",
  "Name" : "Purchase Summary",
  "Template" : "DefaultForm",
  "ViewMetadata" : "{\"name\":\"PurchaseSummary\",\"type\":\"View\",\"config\":{\"template\":\"DefaultForm\",\"ruleClass\":\"PurchaseRequest\",\"ruleClassNamespace\":\"GoMechanic\",\"label\":\"@L Purchase Summary\"},\"children\":[{\"name\":\"Fields\",\"type\":\"Region\",\"children\":[{\"type\":\"TextInput\",\"config\":{\"value\":\"@P .EmployeeName\",\"label\":\"@L Employee Name\"}},{\"type\":\"TextInput\",\"config\":{\"value\":\"@P .Item\",\"label\":\"@L Item\"}},{\"type\":\"Integer\",\"config\":{\"value\":\"@P .Quantity\",\"label\":\"@L Quantity\"}},{\"type\":\"Currency\",\"config\":{\"value\":\"@P .CostPerItem\",\"label\":\"@L Cost per Item\",\"isoCodeSelection\":\"constant\",\"currencyISOCode\":\"USD\",\"allowDecimals\":true}},{\"type\":\"Currency\",\"config\":{\"value\":\"@P .PurchaseCost\",\"label\":\"@L Purchase Cost\",\"isoCodeSelection\":\"constant\",\"currencyISOCode\":\"USD\",\"allowDecimals\":true}},{\"type\":\"Dropdown\",\"config\":{\"value\":\"@P .PlacePurchaseOrder\",\"label\":\"@L Place Purchase Order\",\"placeholder\":\"@L Select...\",\"listType\":\"associated\",\"datasource\":\"@ASSOCIATED .PlacePurchaseOrder\",\"deferDatasource\":true}}]}],\"ID\":\"650c47cb-d5f9-4147-ba8f-54479ed6c128\"}"
}