{
  "Type" : "View",
  "Reusability" : "Private",
  "SchemaVersion" : "0-0-2",
  "AppliesTo" : {
    "ReferenceID" : "PurchaseRequest",
    "Namespace" : "GoMechanic"
  },
  "RuleResolutionID" : "PurchaserList",
  "ContextMetadata" : "",
  "ViewType" : "tab",
  "Namespace" : "GoMechanic",
  "Name" : "Purchaser List",
  "Template" : "OneColumnTab",
  "ViewMetadata" : "{\"name\":\"Purchaser List\",\"type\":\"View\",\"config\":{\"template\":\"OneColumnTab\",\"ruleClass\":\"PurchaseRequest\"},\"children\":[{\"name\":\"A\",\"type\":\"Region\",\"children\":[{\"type\":\"reference\",\"config\":{\"name\":\"PurchaserReference\",\"inheritedProps\":[{\"prop\":\"label\",\"value\":\"@L Purchaser Reference\"}],\"ruleClass\":\"PurchaseRequest\",\"type\":\"view\",\"authorContext\":\".PurchaserReference\"}}]}]}"
}