{
  "Type" : "View",
  "Description" : "My requests",
  "Reusability" : "Private",
  "SchemaVersion" : "0-0-2",
  "AppliesTo" : {
    "ReferenceID" : "Data-Portal",
    "Namespace" : "PegaPlatform"
  },
  "RuleResolutionID" : "MyRequests",
  "ViewType" : "list",
  "Namespace" : "GoMechanic",
  "Template" : "ListView",
  "Name" : "My requests",
  "ViewMetadata" : "{\"name\":\"MyRequests\",\"type\":\"View\",\"config\":{\"template\":\"ListView\",\"ruleClass\":\"Data-Portal\",\"label\":\"My requests\",\"title\":\"My requests\",\"referenceList\":\"D_ServicerequestList\",\"presets\":[{\"name\":\"presets\",\"template\":\"Table\",\"config\":{},\"children\":[{\"name\":\"Columns\",\"type\":\"Region\",\"children\":[{\"type\":\"Dropdown\",\"config\":{\"value\":\"@P .UserIssue\",\"label\":\"@L User issue\",\"placeholder\":\"Select...\",\"listType\":\"associated\",\"datasource\":\"@ASSOCIATED .UserIssue\",\"fillAvailableSpace\":true}},{\"type\":\"Dropdown\",\"config\":{\"value\":\"@P .Make\",\"label\":\"@L Make\",\"placeholder\":\"Select...\",\"listType\":\"associated\",\"datasource\":\"@ASSOCIATED .Make\",\"fillAvailableSpace\":false}},{\"type\":\"TextInput\",\"config\":{\"value\":\"@P .Model\",\"label\":\"@L Model\",\"fillAvailableSpace\":false}},{\"type\":\"TextInput\",\"config\":{\"value\":\"@P .Status\",\"label\":\"@L Status\",\"fillAvailableSpace\":false}},{\"type\":\"TextInput\",\"config\":{\"value\":\"@P .BusinessID\",\"label\":\"@L ID\",\"fillAvailableSpace\":false}},{\"type\":\"Email\",\"config\":{\"value\":\"@P .EmailID\",\"label\":\"@L Email ID\",\"formatter\":\"Email\",\"fillAvailableSpace\":false}},{\"type\":\"Integer\",\"config\":{\"value\":\"@P .PhoneNumber\",\"label\":\"@L Phone number\",\"fillAvailableSpace\":false}}]}],\"label\":\"@L D_ServicerequestList\",\"id\":\"P_1640682959274\"}],\"actions\":[],\"moveRecordsDT\":\"\",\"allowAddingNewRecords\":false},\"ID\":\"65c703e2-6f41-4662-8b13-1bd698c46996\"}"
}