{
  "Type" : "View",
  "Reusability" : "Private",
  "SchemaVersion" : "0-0-2",
  "AppliesTo" : {
    "ReferenceID" : "Service",
    "Namespace" : "GoMechanic"
  },
  "RuleResolutionID" : "CreateService_CarMake2",
  "ContextMetadata" : "",
  "ViewType" : "",
  "Namespace" : "GoMechanic",
  "Name" : "Create Service_CarMake",
  "ViewMetadata" : "{\"name\":\"Create Service_CarMake\",\"type\":\"View\",\"config\":{\"template\":\"DataReference\",\"referenceList\":\"D_GetCarMakers\",\"name\":\"CarMake\",\"mode\":\"singleselect\",\"contextClass\":\"CarMakers\",\"ruleClass\":\"Service\",\"selectionMode\":\"single\",\"classKeys\":[{\"name\":\"BusinessID\"}]},\"children\":[{\"type\":\"AutoComplete\",\"config\":{\"value\":\"@P .CarMake.pyGUID\",\"label\":\"@L \",\"placeholder\":\"Select...\",\"listType\":\"datapage\",\"datasource\":\"D_GetCarMakers\",\"primaryField\":\"@P .CarMake.Make\",\"columns\":[{\"value\":\".pyGUID\",\"setProperty\":\"Associated property\",\"key\":\"true\"},{\"value\":\".Make\",\"display\":\"true\",\"useForSearch\":true,\"primary\":\"true\"}],\"selectionKey\":\"@P .undefined\",\"previewKey\":\"@P .undefined\"}},{\"name\":\"Views\",\"type\":\"Region\",\"children\":[]}]}"
}