{
  "Type" : "View",
  "Description" : "Collect ProblemCase info",
  "Reusability" : "Private",
  "SchemaVersion" : "0-0-2",
  "AppliesTo" : {
    "ReferenceID" : "ProblemCase",
    "Namespace" : "GoMechanic"
  },
  "RuleResolutionID" : "Create",
  "AutoGenerated" : true,
  "ViewType" : "form",
  "Namespace" : "GoMechanic",
  "Template" : "DefaultForm",
  "Name" : "Collect ProblemCase info",
  "ViewMetadata" : "{\"name\":\"Collect ProblemCase info\",\"type\":\"View\",\"config\":{\"template\":\"DefaultForm\",\"ruleClass\":\"ProblemCase\",\"ruleClassNamespace\":\"GoMechanic\",\"label\":\"Collect ProblemCase info\"},\"children\":[{\"name\":\"Fields\",\"type\":\"Region\",\"children\":[]}]}"
}