{
  "Type" : "View",
  "Reusability" : "Private",
  "SchemaVersion" : "0-0-2",
  "AppliesTo" : {
    "ReferenceID" : "DomlessPurchaseRequest",
    "Namespace" : "GoMechanic"
  },
  "RuleResolutionID" : "PurchaserList",
  "ContextMetadata" : "",
  "ViewType" : "tab",
  "Namespace" : "GoMechanic",
  "Name" : "Purchaser List",
  "Template" : "OneColumnTab",
  "ViewMetadata" : "{\"name\":\"Purchaser List\",\"type\":\"View\",\"config\":{\"template\":\"OneColumnTab\",\"ruleClass\":\"DomlessPurchaseRequest\"},\"children\":[{\"name\":\"A\",\"type\":\"Region\",\"children\":[{\"type\":\"reference\",\"config\":{\"name\":\"PurchaserRef\",\"inheritedProps\":[{\"prop\":\"label\",\"value\":\"@L Purchaser Ref\"}],\"ruleClass\":\"DomlessPurchaseRequest\",\"type\":\"view\",\"authorContext\":\".PurchaserRef\"}}]}]}"
}