{
  "Type" : "View",
  "Description" : "Create",
  "Reusability" : "Private",
  "SchemaVersion" : "0-0-2",
  "AppliesTo" : {
    "ReferenceID" : "Servicedealer",
    "Namespace" : "GoMechanic"
  },
  "RuleResolutionID" : "CreateServiceDealer",
  "ViewType" : "page",
  "Namespace" : "GoMechanic",
  "Name" : "Create Service dealer",
  "Template" : "DefaultForm",
  "ViewMetadata" : "{\"children\":[{\"name\":\"Fields\",\"type\":\"Region\",\"children\":[{\"type\":\"TextInput\",\"config\":{\"value\":\"@P .DealerName\",\"label\":\"@L Dealer name\",\"required\":true}},{\"type\":\"TextInput\",\"config\":{\"value\":\"@P .ServiceArea\",\"label\":\"@L Service area\",\"required\":true}},{\"type\":\"reference\",\"config\":{\"name\":\"CreateServiceDealer_ServicesProvided\",\"inheritedProps\":[{\"prop\":\"label\",\"value\":\"@L Services provided\"}],\"authorContext\":\".ServicesProvided\",\"ruleClass\":\"Servicedealer\",\"type\":\"view\"}},{\"type\":\"Integer\",\"config\":{\"value\":\"@P .NumberOfSelectedServices\",\"label\":\"@L Number Of Selected Services\",\"showGroupSeparators\":true}},{\"type\":\"reference\",\"config\":{\"name\":\"CreateServiceDealer_DealerAdmin\",\"inheritedProps\":[{\"prop\":\"label\",\"value\":\"@L Dealer admin\"}],\"ruleClass\":\"Servicedealer\",\"type\":\"view\",\"authorContext\":\".DealerAdmin\",\"referenceType\":\"Case\"}}]}],\"name\":\"CreateServiceDealer\",\"type\":\"View\",\"config\":{\"template\":\"DefaultForm\",\"instructions\":\"casestep\",\"label\":\"Create\",\"ruleClass\":\"Servicedealer\",\"NumCols\":\"2\"},\"Name\":\"Create Service dealer\",\"ID\":\"6f29c1ec-77ce-47c8-a256-050ab30e8ab2\"}"
}