{
  "Type" : "View",
  "Reusability" : "Private",
  "SchemaVersion" : "0-0-2",
  "AppliesTo" : {
    "ReferenceID" : "Service",
    "Namespace" : "GoMechanic"
  },
  "RuleResolutionID" : "AddServices_ServicesExtraServicesServices",
  "ContextMetadata" : "",
  "ViewType" : "",
  "Namespace" : "GoMechanic",
  "Name" : "Add services_Services.ExtraServices.Services",
  "ViewMetadata" : "{\"name\":\"Add services_Services.ExtraServices.Services\",\"type\":\"View\",\"config\":{\"template\":\"DataReference\",\"referenceList\":\"D_ServiceList\",\"name\":\"Services.ExtraServices.Services\",\"mode\":\"multiselect\",\"ruleClass\":\"Service\",\"contextClass\":\"Service\",\"selectionMode\":\"multi\",\"classKeys\":[{\"name\":\"ID\"}]},\"children\":[{\"type\":\"SimpleTableSelect\",\"config\":{\"label\":\"@L Services\",\"selectionKey\":\".ID\",\"referenceList\":\"D_ServiceList\",\"readonlyContextList\":\"@P .Services.ExtraServices.Services\",\"selectionList\":\".Services.ExtraServices.Services\",\"contextClass\":\"Service\",\"selectionMode\":\"multi\",\"referenceType\":\"Case\",\"primaryField\":\".Name\",\"detailsDisplay\":[{\"type\":\"TextInput\",\"config\":{\"value\":\"@P .Name\",\"label\":\"@L Label\"}},{\"type\":\"TextInput\",\"config\":{\"value\":\"@P .ID\",\"label\":\"@L Case ID\",\"previewKey\":\"@P .pzInsKey\",\"displayAsLink\":true}}],\"presets\":[{\"name\":\"presets\",\"template\":\"Table\",\"config\":{},\"label\":\"\",\"id\":\"P_\",\"children\":[{\"name\":\"Columns\",\"type\":\"Region\",\"children\":[]}]}]}},{\"name\":\"Views\",\"type\":\"Region\",\"children\":[]}]}"
}