{
  "Type" : "View",
  "Description" : "Service",
  "Reusability" : "Private",
  "SchemaVersion" : "0-0-2",
  "AppliesTo" : {
    "ReferenceID" : "Servicerequest",
    "Namespace" : "GoMechanic"
  },
  "RuleResolutionID" : "Service2",
  "ViewType" : "form",
  "Namespace" : "GoMechanic",
  "Name" : "Service",
  "Template" : "DefaultForm",
  "ViewMetadata" : "{\"name\":\"Service2\",\"type\":\"View\",\"config\":{\"template\":\"DefaultForm\",\"ruleClass\":\"Servicerequest\",\"label\":\"Service\",\"instructions\":\"casestep\"},\"children\":[{\"name\":\"Fields\",\"type\":\"Region\",\"children\":[{\"type\":\"DateTime\",\"config\":{\"value\":\"@P .CurrentDateAndTime\",\"label\":\"@L Current date and time\",\"readOnly\":true,\"clockFormat\":\"12\",\"withSeconds\":true,\"formatter\":\"DateTime-Short\",\"showAsFormattedText\":true}},{\"type\":\"TextArea\",\"config\":{\"value\":\"@P .ServiceDetails\",\"label\":\"@L Service details\",\"placeholder\":\"@L Summary of changes to fix user  issue\"}},{\"type\":\"Date\",\"config\":{\"value\":\"@P .VehicleDropDate\",\"label\":\"@L Vehicle drop date\",\"required\":true}},{\"type\":\"TextInput\",\"config\":{\"value\":\"@P .CustomFunctionTextHolder\",\"label\":\"@L Custom Function Text Holder\"}}]}],\"ID\":\"72db9d0f-8201-47f6-9e0b-fbcf447d95bf\"}"
}