{
  "Type" : "View",
  "Reusability" : "Private",
  "SchemaVersion" : "0-0-2",
  "AppliesTo" : {
    "ReferenceID" : "ExternalUserRouting",
    "Namespace" : "GoMechanic"
  },
  "RuleResolutionID" : "ExternalUserAssignment",
  "ContextMetadata" : "",
  "ViewType" : "form",
  "Namespace" : "GoMechanic",
  "Name" : "External User Assignment",
  "Template" : "DefaultForm",
  "ViewMetadata" : "{\"name\":\"ExternalUserAssignment\",\"type\":\"View\",\"config\":{\"template\":\"DefaultForm\",\"ruleClass\":\"ExternalUserRouting\",\"ruleClassNamespace\":\"GoMechanic\",\"label\":\"External User Assignment\"},\"children\":[{\"name\":\"Fields\",\"type\":\"Region\",\"children\":[{\"type\":\"TextInput\",\"config\":{\"value\":\"@P .Comments\",\"label\":\"@L Comments\"}}]}],\"ID\":\"76c69155-7358-435e-974c-0a543a09021f\"}"
}