{
  "Type" : "View",
  "Description" : "Find required parts",
  "Reusability" : "Private",
  "SchemaVersion" : "0-0-2",
  "AppliesTo" : {
    "ReferenceID" : "Service",
    "Namespace" : "GoMechanic"
  },
  "RuleResolutionID" : "FindRequiredParts",
  "ViewType" : "form",
  "Namespace" : "GoMechanic",
  "Template" : "OneColumn",
  "Name" : "Find required parts",
  "ViewMetadata" : "{\"children\":[{\"name\":\"Fields\",\"type\":\"Region\",\"children\":[{\"type\":\"TextInput\",\"config\":{\"value\":\"@P .Name\",\"label\":\"@L Label\"}},{\"type\":\"TextInput\",\"config\":{\"value\":\"@P .Description\",\"label\":\"@L Description\"}}]}],\"name\":\"CreateTemplate\",\"type\":\"View\",\"config\":{\"template\":\"DefaultForm\",\"instructions\":\"casestep\",\"label\":\"Create\",\"ruleClass\":\"Service\"},\"Name\":\"Find required parts\"}"
}