{
  "Type" : "View",
  "Reusability" : "Private",
  "SchemaVersion" : "0-0-2",
  "AppliesTo" : {
    "ReferenceID" : "Service",
    "Namespace" : "GoMechanic"
  },
  "RuleResolutionID" : "CreateService_CarMake",
  "ContextMetadata" : "",
  "ViewType" : "",
  "Namespace" : "GoMechanic",
  "Name" : "Create Service_CarMake",
  "ViewMetadata" : "{\"name\":\"CreateService_CarMake\",\"type\":\"View\",\"config\":{\"template\":\"DataReference\",\"name\":\"CarMake\",\"mode\":\"singleselect\",\"contextClass\":\"CarMakers\",\"ruleClass\":\"Service\",\"selectionMode\":\"single\",\"classKeys\":[{\"name\":\"BusinessID\"}],\"displayAs\":\"autocomplete\",\"referenceList\":\"D_GetCarMakers\",\"actions\":[],\"allowAddingNewRecords\":false,\"allowAndPersistChangesInReviewMode\":true},\"children\":[{\"type\":\"AutoComplete\",\"config\":{\"value\":\"@P .CarMake.pyGUID\",\"label\":\"@L \",\"placeholder\":\"Select...\",\"listType\":\"datapage\",\"datasource\":\"D_GetCarMakers\",\"primaryField\":\"@P .CarMake.Make\",\"columns\":[{\"value\":\".pyGUID\",\"setProperty\":\"Associated property\",\"key\":\"true\"},{\"value\":\".Make\",\"display\":\"true\",\"useForSearch\":true,\"primary\":\"true\"}],\"selectionKey\":\"@P .undefined\",\"previewKey\":\"@P .undefined\"}},{\"name\":\"Views\",\"type\":\"Region\",\"children\":[]}],\"ID\":\"78a6d4af-a5a9-40e5-aab3-a4b04d38a3d0\"}",
  "Template" : "DataReference"
}