{
  "Type" : "View",
  "Reusability" : "Private",
  "SchemaVersion" : "0-0-2",
  "AppliesTo" : {
    "ReferenceID" : "ApprovePurchase",
    "Namespace" : "GoMechanic"
  },
  "RuleResolutionID" : "Completed",
  "ContextMetadata" : "",
  "ViewType" : "form",
  "Namespace" : "GoMechanic",
  "Name" : "Completed",
  "Template" : "DefaultForm",
  "ViewMetadata" : "{\"name\":\"Completed\",\"type\":\"View\",\"config\":{\"template\":\"DefaultForm\",\"ruleClass\":\"ApprovePurchase\",\"ruleClassNamespace\":\"GoMechanic\",\"label\":\"@L Completed\"},\"children\":[{\"name\":\"Fields\",\"type\":\"Region\",\"children\":[{\"type\":\"TextInput\",\"config\":{\"value\":\"@P .PurchaseRequest.BusinessID\",\"label\":\"@L BusinessID\",\"helperText\":\"\"}}]}],\"ID\":\"7d299c5d-31db-4557-87d4-cdd12dfe59d0\"}"
}