{
  "Type" : "View",
  "Reusability" : "Private",
  "SchemaVersion" : "0-0-2",
  "AppliesTo" : {
    "ReferenceID" : "PurchaseRequest",
    "Namespace" : "GoMechanic"
  },
  "RuleResolutionID" : "InProgress",
  "ContextMetadata" : "",
  "ViewType" : "form",
  "Namespace" : "GoMechanic",
  "Name" : "In progress",
  "Template" : "DefaultForm",
  "ViewMetadata" : "{\"name\":\"InProgress\",\"type\":\"View\",\"config\":{\"template\":\"DefaultForm\",\"ruleClass\":\"PurchaseRequest\",\"ruleClassNamespace\":\"GoMechanic\",\"label\":\"@L In progress\"},\"children\":[{\"name\":\"Fields\",\"type\":\"Region\",\"children\":[{\"type\":\"Currency\",\"config\":{\"value\":\"@P .PurchaseCost\",\"label\":\"@L Purchase Cost\",\"isoCodeSelection\":\"constant\",\"currencyISOCode\":\"USD\",\"allowDecimals\":true}}]}],\"ID\":\"7df175e2-f955-4201-a9b2-8cfa98b456b9\"}"
}