{
  "Type" : "View",
  "Description" : "",
  "Reusability" : "Private",
  "SchemaVersion" : "0-0-2",
  "AppliesTo" : {
    "ReferenceID" : "DomlessPurchaseRequest",
    "Namespace" : "GoMechanic"
  },
  "RuleResolutionID" : "Utilities",
  "ViewType" : "",
  "Namespace" : "PegaPlatform",
  "Name" : "Utilities",
  "Template" : "OneColumnPage",
  "ViewMetadata" : "{\"name\":\"Utilities\",\"type\":\"View\",\"config\":{\"template\":\"OneColumnPage\",\"ruleClass\":\"DomlessPurchaseRequest\"},\"children\":[{\"name\":\"A\",\"type\":\"Region\",\"children\":[{\"type\":\"FileUtility\",\"config\":{\"label\":\"@L Attachments\",\"showCategory\":false}},{\"type\":\"Followers\",\"config\":{\"label\":\"@L Followers\"}}]}],\"ID\":\"c6698ba6-0d05-4d3c-a778-8d6f94fdc9e7\"}"
}