{
  "Type" : "View",
  "Description" : "Template view for create action",
  "Reusability" : "Private",
  "SchemaVersion" : "0-0-2",
  "AppliesTo" : {
    "ReferenceID" : "Servicerequest",
    "Namespace" : "GoMechanic"
  },
  "RuleResolutionID" : "Create",
  "ViewType" : "page",
  "Namespace" : "GoMechanic",
  "Template" : "Details",
  "Name" : "Create",
  "ViewMetadata" : "{\"children\":[{\"name\":\"highlightedData\",\"type\":\"Region\",\"children\":[]},{\"name\":\"A\",\"type\":\"Region\",\"children\":[{\"type\":\"TextInput\",\"config\":{\"value\":\"@P .Name\",\"label\":\"@L Name\"}}]}],\"name\":\"Create\",\"type\":\"View\",\"config\":{\"template\":\"Details\",\"label\":\"Create\",\"ruleClass\":\"Servicerequest\"},\"ID\":\"8687e7a6-a1e8-466c-aadb-0ad904edd2dc\"}"
}