{
  "Type" : "View",
  "Reusability" : "Private",
  "SchemaVersion" : "0-0-2",
  "AppliesTo" : {
    "ReferenceID" : "Service",
    "Namespace" : "GoMechanic"
  },
  "RuleResolutionID" : "CreateService_ServiceRequest",
  "ContextMetadata" : "",
  "ViewType" : "",
  "Namespace" : "GoMechanic",
  "Name" : "Select service request for which you want to create service case",
  "ViewMetadata" : "{\"name\":\"CreateService_ServiceRequest\",\"type\":\"View\",\"config\":{\"template\":\"DataReference\",\"name\":\"ServiceRequest\",\"mode\":\"singleselect\",\"contextClass\":\"Servicerequest\",\"ruleClass\":\"Service\",\"selectionMode\":\"single\",\"classKeys\":[{\"name\":\"BusinessID\"}],\"displayAs\":\"autocomplete\",\"referenceList\":\"D_ServicerequestList\",\"actions\":[],\"allowAddingNewRecords\":false},\"children\":[{\"type\":\"AutoComplete\",\"config\":{\"value\":\"@P .ServiceRequest.BusinessID\",\"label\":\"@L \",\"previewKey\":\"@P .ServiceRequest.BusinessID\",\"placeholder\":\"Select...\",\"listType\":\"datapage\",\"datasource\":\"D_ServicerequestList\",\"primaryField\":\"@P .ServiceRequest.Name\",\"columns\":[{\"value\":\".BusinessID\",\"setProperty\":\"Associated property\",\"key\":\"true\"},{\"value\":\".Name\",\"display\":\"true\",\"useForSearch\":true,\"primary\":\"true\"}],\"selectionKey\":\"@P .ServiceRequest.BusinessID\"}},{\"name\":\"Views\",\"type\":\"Region\",\"children\":[]}],\"ID\":\"87a8ac35-226d-4a06-a4f7-b13e3f7c7905\"}"
}