{
  "Reusability" : "PublicMayOverride",
  "Description" : "Get your car serviced anytime/anywhere on the go! Car repairs, services ,auto spares and accessories 1733127741385",
  "SchemaVersion" : "0-3-0",
  "IconConfiguration" : {
    "IconClass" : "car-solid",
    "Color" : "#000000",
    "BackgroundColor" : "#f70d0d"
  },
  "DefaultSettings" : {
    "PersonaForExternalUsers" : {
      "ReferenceID" : "EndUser",
      "Namespace" : "GoMechanic"
    },
    "EmailAccountForNotifications" : {
      "ReferenceID" : "Default",
      "Namespace" : "GoMechanic"
    }
  },
  "DefaultAccessGroup" : {
    "ReferenceID" : "GoMechanicDefaultAG",
    "Namespace" : "GoMechanic"
  },
  "IconType" : "Icon",
  "Namespace" : "GoMechanic",
  "Name" : "Go mechanic",
  "Type" : "Application",
  "Version" : "11.391.0",
  "RuleResolutionID" : "GoMechanic",
  "Dependencies" : [ {
    "Type" : "ReleasedAppDependency",
    "ReleaseID" : "fa525586-ee99-44c7-869b-e65c2d824523"
  } ]
}