{
  "DataPageMode" : "ListOfRecords",
  "Description" : "PurchaseRequest list",
  "Reusability" : "Private",
  "DataConnection" : {
    "CallReference" : {
      "ReferenceID" : "PurchaseRequestList",
      "ReferenceScope" : {
        "ReferenceID" : "PurchaseRequest",
        "Namespace" : "GoMechanic"
      },
      "Namespace" : "GoMechanic"
    },
    "CallType" : "DataConnection",
    "CallInputs" : [ ]
  },
  "SchemaVersion" : "0-0-1",
  "CallType" : "DataPage",
  "Namespace" : "GoMechanic",
  "Name" : "PurchaseRequest list",
  "ObjectType" : {
    "ReferenceID" : "PurchaseRequest",
    "Namespace" : "GoMechanic"
  },
  "Type" : "DataPage",
  "Output" : {
    "Mode" : "ListOfRecords",
    "ObjectType" : {
      "ReferenceID" : "PurchaseRequest",
      "Namespace" : "GoMechanic",
      "Type" : "RuleReference"
    }
  },
  "RuleResolutionID" : "PurchaseRequestList",
  "Inputs" : [ ]
}