{
  "DataPageMode" : "ListOfRecords",
  "Description" : "D_ServicedealerList",
  "Reusability" : "Private",
  "SchemaVersion" : "0-0-1",
  "DataConnection" : {
    "CallInputs" : [ ],
    "CallReference" : {
      "ReferenceScope" : {
        "ReferenceID" : "Servicedealer",
        "Namespace" : "GoMechanic"
      },
      "ReferenceID" : "ServicedealerList",
      "Namespace" : "GoMechanic"
    },
    "CallType" : "DataConnection"
  },
  "Namespace" : "GoMechanic",
  "Name" : "D_ServicedealerList",
  "DataSource" : {
    "CallReference" : {
      "ReferenceScope" : {
        "ReferenceID" : "CaseTypeTemplate"
      },
      "ReferenceID" : "DefaultCasesListTemplate",
      "Namespace" : "PegaPlatform"
    },
    "CallInputs" : [ ],
    "CallType" : "DataSource"
  },
  "ObjectType" : {
    "ReferenceID" : "Servicedealer",
    "Namespace" : "GoMechanic"
  },
  "Type" : "DataPage",
  "Output" : {
    "Mode" : "ListOfRecords",
    "ObjectType" : {
      "ReferenceID" : "Servicedealer",
      "Namespace" : "GoMechanic"
    }
  },
  "RuleResolutionID" : "D_ServicedealerList",
  "Inputs" : [ { } ]
}