{
  "DataPageMode" : "ListOfRecords",
  "Description" : "Data page for DefaultCasesListTemplate\n",
  "Reusability" : "Private",
  "SchemaVersion" : "0-0-1",
  "DataConnection" : {
    "CallReference" : {
      "ReferenceID" : "ServicerequestList",
      "ReferenceScope" : {
        "ReferenceID" : "Servicerequest",
        "Namespace" : "GoMechanic"
      },
      "Namespace" : "GoMechanic"
    },
    "CallType" : "DataConnection",
    "CallInputs" : [ ]
  },
  "Namespace" : "GoMechanic",
  "Name" : "D_ServicerequestList",
  "DataSource" : {
    "CallReference" : {
      "ReferenceScope" : {
        "ReferenceID" : "Servicerequest",
        "Namespace" : "GoMechanic"
      },
      "ReferenceID" : "ServicerequestList",
      "Namespace" : "GoMechanic"
    },
    "CallInputs" : [ {
      "ParameterName" : "Test",
      "Source" : {
        "Type" : "ConstantText",
        "Value" : ""
      }
    } ],
    "CallType" : "DataSource"
  },
  "ObjectType" : {
    "ReferenceID" : "Servicerequest",
    "Namespace" : "GoMechanic"
  },
  "Type" : "DataPage",
  "Output" : {
    "Mode" : "ListOfRecords",
    "ObjectType" : {
      "ReferenceID" : "Servicerequest",
      "Type" : "RuleReference",
      "Namespace" : "GoMechanic"
    }
  },
  "RuleResolutionID" : "D_ServicerequestList",
  "Inputs" : [ ]
}