{
  "ObjectType" : {
    "ReferenceID" : "Servicedealer",
    "Namespace" : "GoMechanic"
  },
  "DataPageMode" : "ListOfRecords",
  "Type" : "DataPage",
  "Description" : "",
  "Reusability" : "Private",
  "DataConnection" : {
    "CallReference" : {
      "ReferenceID" : "ServicedealerList",
      "ReferenceScope" : {
        "ReferenceID" : "Servicedealer",
        "Namespace" : "GoMechanic"
      },
      "Namespace" : "GoMechanic"
    },
    "CallType" : "DataConnection",
    "CallInputs" : [ ]
  },
  "SchemaVersion" : "0-0-1",
  "Output" : {
    "ObjectType" : {
      "ReferenceID" : "Servicedealer",
      "Namespace" : "GoMechanic"
    },
    "Mode" : "ListOfRecords"
  },
  "RuleResolutionID" : "ActiveDealers",
  "Namespace" : "GoMechanic",
  "Name" : "Active Dealers",
  "DataSource" : {
    "CallReference" : {
      "ReferenceScope" : {
        "ReferenceID" : "Servicedealer",
        "Namespace" : "GoMechanic"
      },
      "ReferenceID" : "dealers",
      "Namespace" : "GoMechanic"
    },
    "CallType" : "DataSource",
    "CallInputs" : [ ]
  }
}