{
  "ObjectType" : {
    "ReferenceID" : "Servicerequest",
    "Namespace" : "GoMechanic"
  },
  "DataPageMode" : "ListOfRecords",
  "Type" : "DataPage",
  "Description" : "",
  "Reusability" : "Private",
  "SchemaVersion" : "0-0-1",
  "DataConnection" : {
    "CallReference" : {
      "ReferenceID" : "ServicerequestList",
      "ReferenceScope" : {
        "ReferenceID" : "Servicerequest",
        "Namespace" : "GoMechanic"
      },
      "Namespace" : "GoMechanic"
    },
    "CallType" : "DataConnection",
    "CallInputs" : [ ]
  },
  "Output" : {
    "ObjectType" : {
      "ReferenceID" : "Servicerequest",
      "Namespace" : "GoMechanic"
    },
    "Mode" : "ListOfRecords"
  },
  "RuleResolutionID" : "OpenServiceRequests",
  "Namespace" : "GoMechanic",
  "Name" : "Open Service requests",
  "DataSource" : {
    "CallReference" : {
      "ReferenceScope" : {
        "ReferenceID" : "Servicerequest",
        "Namespace" : "GoMechanic"
      },
      "ReferenceID" : "OpenSRs",
      "Namespace" : "GoMechanic"
    },
    "CallType" : "DataSource",
    "CallInputs" : [ ]
  }
}