{
  "ObjectType" : {
    "ReferenceID" : "Servicerequest",
    "Namespace" : "GoMechanic"
  },
  "DataPageMode" : "SingleRecord",
  "Type" : "DataPage",
  "Reusability" : "Private",
  "SchemaVersion" : "0-0-1",
  "DataConnection" : {
    "CallReference" : {
      "ReferenceID" : "ServiceRequestLookup",
      "ReferenceScope" : {
        "ReferenceID" : "Servicerequest",
        "Namespace" : "GoMechanic"
      },
      "Namespace" : "GoMechanic"
    },
    "CallType" : "DataConnection",
    "CallInputs" : [ {
      "ParameterName" : "ID",
      "Source" : {
        "Type" : "Variable",
        "Name" : "ID"
      }
    } ]
  },
  "Output" : {
    "ObjectType" : {
      "ReferenceID" : "Servicerequest",
      "Namespace" : "GoMechanic"
    },
    "Mode" : "SingleRecord"
  },
  "RuleResolutionID" : "ServiceRequestLookup",
  "Inputs" : [ {
    "Name" : "ID",
    "Description" : "ID",
    "Mode" : "Text",
    "Required" : "true",
    "Type" : "",
    "DefaultValue" : ""
  } ],
  "Namespace" : "GoMechanic",
  "Name" : "Service request lookup",
  "DataSource" : {
    "CallReference" : {
      "ReferenceScope" : {
        "ReferenceID" : "Servicerequest",
        "Namespace" : "GoMechanic"
      },
      "ReferenceID" : "ServiceRequestLookup",
      "Namespace" : "GoMechanic"
    },
    "CallInputs" : [ {
      "ParameterName" : "ID",
      "Source" : {
        "Type" : "Variable",
        "Name" : "ID"
      }
    } ],
    "CallType" : "DataSource"
  }
}