{
  "DataPageMode" : "SingleRecord",
  "Description" : "D_ServiceLookup",
  "Reusability" : "Private",
  "SchemaVersion" : "0-0-1",
  "DataConnection" : {
    "CallReference" : {
      "ReferenceID" : "ServiceLookup",
      "ReferenceScope" : {
        "ReferenceID" : "Service",
        "Namespace" : "GoMechanic"
      },
      "Namespace" : "GoMechanic"
    },
    "CallType" : "DataConnection",
    "CallInputs" : [ {
      "ParameterName" : "ID",
      "Source" : {
        "Type" : "Variable",
        "Name" : "ID"
      }
    } ]
  },
  "Namespace" : "GoMechanic",
  "Name" : "D_ServiceLookup",
  "DataSource" : {
    "CallInputs" : [ {
      "ParameterName" : "BusinessID",
      "Source" : {
        "Type" : "Variable",
        "Name" : "BusinessID"
      }
    } ],
    "CallReference" : {
      "ReferenceScope" : {
        "ReferenceID" : "Service",
        "Namespace" : "GoMechanic"
      },
      "ReferenceID" : "ServiceLookup",
      "Namespace" : "GoMechanic"
    },
    "CallType" : "DataSource"
  },
  "ObjectType" : {
    "ReferenceID" : "Service",
    "Namespace" : "GoMechanic"
  },
  "Type" : "DataPage",
  "Output" : {
    "Mode" : "SingleRecord",
    "ObjectType" : {
      "ReferenceID" : "Service",
      "Namespace" : "GoMechanic"
    }
  },
  "RuleResolutionID" : "D_ServiceLookup",
  "Inputs" : [ {
    "Name" : "ID",
    "Description" : "object key",
    "Mode" : "Text",
    "ObjectType" : {
      "ReferenceID" : "CaseTypeTemplate"
    },
    "Required" : "true",
    "Type" : "",
    "DefaultValue" : ""
  } ]
}