{
  "DataPageMode" : "SingleRecord",
  "Description" : "Get car maker name",
  "Reusability" : "Private",
  "SchemaVersion" : "0-0-1",
  "DataConnection" : {
    "CallReference" : {
      "ReferenceID" : "CarMaker",
      "ReferenceScope" : {
        "ReferenceID" : "CarMakers",
        "Namespace" : "GoMechanic"
      },
      "Namespace" : "GoMechanic"
    },
    "CallType" : "DataConnection",
    "CallInputs" : [ {
      "ParameterName" : "BusinessID",
      "Source" : {
        "Type" : "Variable",
        "Name" : "BusinessID"
      }
    } ]
  },
  "Namespace" : "GoMechanic",
  "Name" : "Get car maker name",
  "DataSource" : {
    "CallReference" : {
      "ReferenceScope" : {
        "ReferenceID" : "CarMakers",
        "Namespace" : "GoMechanic"
      },
      "ReferenceID" : "GetCarMakerName",
      "Namespace" : "GoMechanic"
    },
    "CallType" : "DataSource",
    "CallInputs" : [ {
      "ParameterName" : "BusinessID",
      "Source" : {
        "Type" : "ConstantText",
        "Value" : "Honda"
      }
    } ]
  },
  "ObjectType" : {
    "ReferenceID" : "CarMakers",
    "Namespace" : "GoMechanic"
  },
  "Type" : "DataPage",
  "Output" : {
    "ObjectType" : {
      "ReferenceID" : "CarMakers",
      "Namespace" : "GoMechanic"
    },
    "Mode" : "SingleRecord"
  },
  "RuleResolutionID" : "GetCarMakerName",
  "Inputs" : [ {
    "Name" : "BusinessID",
    "Description" : "BusinessID",
    "Mode" : "Text",
    "Required" : "true",
    "Type" : "",
    "DefaultValue" : ""
  } ]
}