{
  "DataPageMode" : "SingleRecord",
  "Description" : "ExternalUserRouting lookup",
  "Reusability" : "Private",
  "DataConnection" : {
    "CallReference" : {
      "ReferenceID" : "ExternalUserRoutingLookup",
      "ReferenceScope" : {
        "ReferenceID" : "ExternalUserRouting",
        "Namespace" : "GoMechanic"
      },
      "Namespace" : "GoMechanic"
    },
    "CallType" : "DataConnection",
    "CallInputs" : [ {
      "ParameterName" : "ID",
      "Source" : {
        "Type" : "Variable",
        "Name" : "ID"
      }
    } ]
  },
  "SchemaVersion" : "0-0-1",
  "CallType" : "DataPage",
  "Namespace" : "GoMechanic",
  "Name" : "ExternalUserRouting lookup",
  "ObjectType" : {
    "ReferenceID" : "ExternalUserRouting",
    "Namespace" : "GoMechanic"
  },
  "Type" : "DataPage",
  "Output" : {
    "ObjectType" : {
      "ReferenceID" : "ExternalUserRouting",
      "Namespace" : "GoMechanic",
      "Type" : "RuleReference"
    },
    "Mode" : "SingleRecord"
  },
  "RuleResolutionID" : "ExternalUserRoutingLookup",
  "Inputs" : [ {
    "Description" : "object key",
    "Mode" : "Text",
    "Name" : "ID",
    "Required" : "true"
  } ]
}