{
  "DataPageMode" : "ListOfRecords",
  "Description" : "This is used to retrieve a list of ApprovePurchase that are associated with a specific PurchaseRequest.",
  "Reusability" : "Private",
  "DataConnection" : {
    "CallReference" : {
      "ReferenceID" : "ApprovePurchaseListByPurchaseRequestId",
      "ReferenceScope" : {
        "ReferenceID" : "ApprovePurchase",
        "Namespace" : "GoMechanic"
      },
      "Namespace" : "GoMechanic"
    },
    "CallType" : "DataConnection",
    "CallInputs" : [ {
      "ParameterName" : "ID",
      "Source" : {
        "Type" : "Variable",
        "Name" : "ID"
      }
    } ]
  },
  "SchemaVersion" : "0-0-1",
  "CallType" : "DataPage",
  "Namespace" : "GoMechanic",
  "Name" : "Approve Purchase list  by PurchaseRequest Id",
  "ObjectType" : {
    "ReferenceID" : "ApprovePurchase",
    "Namespace" : "GoMechanic"
  },
  "Type" : "DataPage",
  "Output" : {
    "Mode" : "ListOfRecords",
    "ObjectType" : {
      "ReferenceID" : "ApprovePurchase",
      "Namespace" : "GoMechanic",
      "Type" : "RuleReference"
    }
  },
  "RuleResolutionID" : "ApprovePurchaseListByPurchaseRequestId",
  "Inputs" : [ {
    "Description" : "object key",
    "Mode" : "Text",
    "Name" : "ID",
    "Required" : "true"
  } ]
}