{
  "ObjectType" : {
    "ReferenceID" : "Servicerequest",
    "Namespace" : "GoMechanic"
  },
  "DataPageMode" : "SingleRecord",
  "Type" : "DataPage",
  "Description" : "D_ServicerequestLookup",
  "Reusability" : "Private",
  "DataConnection" : {
    "CallReference" : {
      "ReferenceID" : "ServicerequestLookup",
      "ReferenceScope" : {
        "ReferenceID" : "Servicerequest",
        "Namespace" : "GoMechanic"
      },
      "Namespace" : "GoMechanic"
    },
    "CallType" : "DataConnection",
    "CallInputs" : [ {
      "ParameterName" : "ID",
      "Source" : {
        "Type" : "Variable",
        "Name" : "ID"
      }
    } ]
  },
  "SchemaVersion" : "0-0-1",
  "Output" : {
    "Mode" : "SingleRecord",
    "ObjectType" : {
      "ReferenceID" : "Servicerequest",
      "Type" : "RuleReference",
      "Namespace" : "GoMechanic"
    }
  },
  "RuleResolutionID" : "D_ServicerequestLookup",
  "Inputs" : [ {
    "Name" : "ID",
    "Description" : "object key",
    "Mode" : "Text",
    "Required" : "true"
  } ],
  "Namespace" : "GoMechanic",
  "Name" : "D_ServicerequestLookup"
}