{
  "DataPageMode" : "ListOfRecords",
  "Description" : "DomlessPurchaseRequest list",
  "Reusability" : "Private",
  "DataConnection" : {
    "CallReference" : {
      "ReferenceID" : "DomlessPurchaseRequestList",
      "ReferenceScope" : {
        "ReferenceID" : "DomlessPurchaseRequest",
        "Namespace" : "GoMechanic"
      },
      "Namespace" : "GoMechanic"
    },
    "CallType" : "DataConnection",
    "CallInputs" : [ ]
  },
  "SchemaVersion" : "0-1-0",
  "CallType" : "DataPage",
  "Namespace" : "GoMechanic",
  "Name" : "DomlessPurchaseRequest list",
  "ObjectType" : {
    "ReferenceID" : "DomlessPurchaseRequest",
    "Namespace" : "GoMechanic"
  },
  "Type" : "DataPage",
  "Output" : {
    "Description" : "",
    "Mode" : "SingleRecord",
    "ObjectType" : {
      "TypeReferenceID" : "List",
      "Type" : "TypeReference",
      "Namespace" : "PegaPlatform",
      "TypeArguments" : [ {
        "TypeReferenceID" : "DomlessPurchaseRequest",
        "Namespace" : "GoMechanic",
        "Type" : "TypeReference"
      } ]
    }
  },
  "RuleResolutionID" : "DomlessPurchaseRequestList",
  "Inputs" : [ ]
}