{
  "Description" : "CMJCustomFunction",
  "Reusability" : "Private",
  "SchemaVersion" : "0-2-0",
  "AppliesTo" : {
    "ReferenceID" : "Servicerequest",
    "Namespace" : "GoMechanic",
    "Type" : "RuleReference"
  },
  "CallType" : "Library",
  "Namespace" : "GoMechanic",
  "Implementation" : "CUSTOM_CODE_JAR",
  "Name" : "CMJCustomFunction",
  "Type" : "Function",
  "Output" : {
    "Mode" : "SingleRecord",
    "ObjectType" : {
      "Type" : "TypeReference",
      "Namespace" : "PegaPlatform",
      "TypeReferenceID" : "Text",
      "Format" : {
        "ReferenceID" : "Text",
        "Namespace" : "PegaPlatform",
        "Type" : "RuleReference"
      }
    },
    "Description" : "returns string parameter"
  },
  "RuleResolutionID" : "CMJCustomFunction",
  "CodeBundle" : {
    "FileID" : "a21a1909-c664-41be-bfc5-9a3ce0dae52c/6302161b-1a2a-4f56-ad32-1eacf66a59c0-_rv629x1v9",
    "Source" : "CMJ.main.jar",
    "MimeType" : "application/java-archive",
    "Extension" : "java-archive"
  },
  "Inputs" : [ {
    "Mode" : "SingleRecord",
    "ObjectType" : {
      "Type" : "TypeReference",
      "Namespace" : "PegaPlatform",
      "TypeReferenceID" : "Text",
      "Format" : {
        "ReferenceID" : "Text",
        "Namespace" : "PegaPlatform",
        "Type" : "RuleReference"
      }
    },
    "Description" : "first parameter",
    "Name" : "param1",
    "Required" : "true",
    "Type" : ""
  }, {
    "Mode" : "SingleRecord",
    "ObjectType" : {
      "Type" : "TypeReference",
      "Namespace" : "PegaPlatform",
      "TypeReferenceID" : "Text",
      "Format" : {
        "ReferenceID" : "Text",
        "Namespace" : "PegaPlatform",
        "Type" : "RuleReference"
      }
    },
    "Description" : "second parameter",
    "Name" : "param2",
    "Required" : "true",
    "Type" : ""
  } ],
  "FunctionHandler" : "org.pega.CMJClass::helloWorld"
}