{
  "Type" : "ConfigurationSettingValue",
  "Description" : "Stores the Map key value",
  "Reusability" : "PublicMayOverride",
  "SettingValue" : {
    "Text" : "AIzaSyAjGxU3bSmuA_6AzgfRtbRHhOw_DCLL-xE"
  },
  "SchemaVersion" : "0-0-1",
  "AppliesTo" : {
    "Namespace" : "PegaPlatform",
    "ReferenceID" : "ApplicationConfig"
  },
  "RuleResolutionID" : "MapKeyValue",
  "ConfigurationSetting" : {
    "ReferenceID" : "MapKey",
    "Namespace" : "PegaPlatform"
  },
  "Namespace" : "PegaPlatform",
  "Name" : "Map key value"
}