{
  "Type" : "DataSource",
  "Description" : "Get Car maker name",
  "Reusability" : "Private",
  "Query" : {
    "CallReference" : {
      "ReferenceScope" : {
        "ReferenceID" : "CarMakers"
      },
      "ReferenceID" : "CarNames"
    },
    "CallType" : "Query",
    "CallInputs" : [ {
      "ParameterName" : "pyID",
      "Source" : {
        "Type" : "ConstantText",
        "Value" : ""
      }
    } ]
  },
  "SchemaVersion" : "0-0-1",
  "AppliesTo" : {
    "ReferenceID" : "CarMakers"
  },
  "SourceType" : "Query",
  "Output" : {
    "ObjectType" : {
      "ReferenceID" : "CarMakers"
    },
    "Mode" : "SingleRecord"
  },
  "RuleResolutionID" : "GetCarMakerName",
  "Inputs" : [ {
    "Name" : "pyID",
    "Description" : "pyID",
    "Mode" : "Text",
    "Required" : "true",
    "Type" : "",
    "DefaultValue" : ""
  } ],
  "Name" : "Get Car maker name"
}