{
  "Type" : "DataSource",
  "Description" : "dealers",
  "Reusability" : "Private",
  "Query" : {
    "CallReference" : {
      "ReferenceScope" : {
        "ReferenceID" : "Servicedealer"
      },
      "ReferenceID" : "ServicedealerList"
    }
  },
  "SchemaVersion" : "0-0-1",
  "AppliesTo" : {
    "ReferenceID" : "Servicedealer"
  },
  "SourceType" : "Query",
  "Output" : {
    "ObjectType" : {
      "ReferenceID" : "Servicedealer"
    },
    "Mode" : "ListOfRecords"
  },
  "RuleResolutionID" : "dealers",
  "Name" : "dealers"
}