{
  "Description" : "",
  "Reusability" : "Private",
  "Category" : "Case",
  "SchemaVersion" : "2-7-0",
  "AppliesTo" : {
    "ReferenceID" : "DomlessPurchaseRequest",
    "Namespace" : "GoMechanic"
  },
  "InitializationStage" : {
    "Stage" : {
      "ReferenceID" : "DomlessPurchaseRequestCreation",
      "Namespace" : "GoMechanic"
    },
    "EntryStatus" : {
      "ReferenceID" : "New-DomlessPurchaseRequestCreation",
      "Namespace" : "GoMechanic"
    }
  },
  "OptionalActions" : [ {
    "Action" : {
      "ReferenceID" : "Edit",
      "Namespace" : "PegaPlatform"
    },
    "VisibilityCondition" : {
      "ConditionType" : "Condition",
      "Decision" : {
        "CallReference" : {
          "ReferenceID" : "IsCaseOpen",
          "Namespace" : "PegaPlatform"
        },
        "CallType" : "Decision"
      }
    }
  }, {
    "Action" : {
      "ReferenceID" : "pyChangeStage",
      "Namespace" : "PegaPlatform"
    },
    "VisibilityCondition" : {
      "ConditionType" : "Condition",
      "Decision" : {
        "CallReference" : {
          "ReferenceID" : "IsCaseOpen",
          "Namespace" : "PegaPlatform"
        },
        "CallType" : "Decision"
      }
    }
  }, {
    "Action" : {
      "ReferenceID" : "ReassignTask",
      "Namespace" : "PegaPlatform"
    },
    "VisibilityCondition" : {
      "ConditionType" : "Condition",
      "Decision" : {
        "CallReference" : {
          "ReferenceID" : "IsCaseOpen",
          "Namespace" : "PegaPlatform"
        },
        "CallType" : "Decision"
      }
    }
  }, {
    "Action" : {
      "ReferenceID" : "Reopen",
      "Namespace" : "PegaPlatform"
    },
    "VisibilityCondition" : {
      "ConditionType" : "Condition",
      "Decision" : {
        "CallReference" : {
          "ReferenceID" : "IsCaseResolved",
          "Namespace" : "PegaPlatform"
        },
        "CallType" : "Decision"
      }
    }
  } ],
  "PrimaryFields" : [ {
    "ReferenceID" : "Name",
    "Namespace" : "PegaPlatform"
  }, {
    "ReferenceID" : "Description",
    "Namespace" : "PegaPlatform"
  }, {
    "ReferenceID" : "EmployeeName",
    "Namespace" : "GoMechanic"
  }, {
    "ReferenceID" : "Item",
    "Namespace" : "GoMechanic"
  }, {
    "ReferenceID" : "Quantity",
    "Namespace" : "GoMechanic"
  }, {
    "ReferenceID" : "CostPerItem",
    "Namespace" : "GoMechanic"
  }, {
    "ReferenceID" : "PurchaseCost",
    "Namespace" : "GoMechanic"
  } ],
  "Namespace" : "GoMechanic",
  "InitialUrgency" : 10,
  "PrimaryStages" : [ {
    "Stage" : {
      "ReferenceID" : "InProgress",
      "Namespace" : "GoMechanic"
    },
    "EntryStatus" : {
      "ReferenceID" : "Open-InProgress",
      "Namespace" : "GoMechanic"
    },
    "Transition" : "Manual",
    "SkipStage" : {
      "SkipType" : "Never"
    }
  }, {
    "Stage" : {
      "ReferenceID" : "Completed",
      "Namespace" : "GoMechanic"
    },
    "EntryStatus" : {
      "ReferenceID" : "Pending-Completed",
      "Namespace" : "GoMechanic"
    },
    "Transition" : "Resolution",
    "SkipStage" : {
      "SkipType" : "Never"
    },
    "ResolutionConfiguration" : {
      "Status" : {
        "ReferenceID" : "Resolved-Completed2",
        "Namespace" : "GoMechanic"
      }
    }
  } ],
  "AlternateStages" : [ {
    "Stage" : {
      "ReferenceID" : "Withdrawn",
      "Namespace" : "GoMechanic"
    },
    "EntryStatus" : {
      "ReferenceID" : "Pending-Withdrawn",
      "Namespace" : "GoMechanic"
    },
    "Transition" : "Resolution",
    "ResolutionConfiguration" : {
      "Status" : {
        "ReferenceID" : "Resolved-Withdrawn2",
        "Namespace" : "GoMechanic"
      }
    }
  } ],
  "Name" : "Domless Purchase Request",
  "PluralName" : "",
  "LookupDataPage" : {
    "ReferenceID" : "DomlessPurchaseRequestLookup",
    "Namespace" : "GoMechanic"
  },
  "ListDataPage" : {
    "ReferenceID" : "DomlessPurchaseRequestList",
    "Namespace" : "GoMechanic"
  },
  "Type" : "CaseType",
  "IdPrefix" : "D-",
  "RuleResolutionID" : "DomlessPurchaseRequest"
}