{
  "Description" : "Employee invoices",
  "Reusability" : "Private",
  "Category" : "Data",
  "SchemaVersion" : "2-5-0",
  "AppliesTo" : {
    "ReferenceID" : "Invoice",
    "Namespace" : "GoMechanic"
  },
  "InitializationStage" : {
    "Stage" : {
      "ReferenceID" : "Create",
      "Namespace" : "GoMechanic"
    },
    "EntryStatus" : {
      "ReferenceID" : "New-Create",
      "Namespace" : "GoMechanic"
    }
  },
  "OptionalActions" : [ {
    "Action" : {
      "ReferenceID" : "Edit",
      "Namespace" : "PegaPlatform"
    },
    "VisibilityCondition" : {
      "ConditionType" : "Condition",
      "Decision" : {
        "CallReference" : {
          "ReferenceID" : "IsCaseOpen",
          "Namespace" : "PegaPlatform"
        },
        "CallType" : "Decision"
      }
    }
  }, {
    "Action" : {
      "ReferenceID" : "pyChangeStage",
      "Namespace" : "PegaPlatform"
    },
    "VisibilityCondition" : {
      "ConditionType" : "Condition",
      "Decision" : {
        "CallReference" : {
          "ReferenceID" : "IsCaseOpen",
          "Namespace" : "PegaPlatform"
        },
        "CallType" : "Decision"
      }
    }
  } ],
  "PrimaryFields" : [ {
    "ReferenceID" : "Name",
    "Namespace" : "PegaPlatform"
  }, {
    "ReferenceID" : "Description",
    "Namespace" : "PegaPlatform"
  } ],
  "Namespace" : "GoMechanic",
  "PrimaryStages" : [ {
    "Stage" : {
      "ReferenceID" : "Active",
      "Namespace" : "GoMechanic"
    },
    "EntryStatus" : {
      "ReferenceID" : "Open-Active",
      "Namespace" : "GoMechanic"
    },
    "Transition" : "Manual",
    "SkipStage" : {
      "SkipType" : "Never"
    }
  }, {
    "Stage" : {
      "ReferenceID" : "Inactive",
      "Namespace" : "GoMechanic"
    },
    "EntryStatus" : {
      "ReferenceID" : "Resolved-Inactive",
      "Namespace" : "GoMechanic"
    },
    "Transition" : "Resolution",
    "SkipStage" : {
      "SkipType" : "Never"
    },
    "ResolutionConfiguration" : {
      "Status" : {
        "ReferenceID" : "Resolved-Inactive",
        "Namespace" : "GoMechanic"
      }
    }
  } ],
  "AlternateStages" : [ ],
  "Name" : "Invoice",
  "InitialUrgency" : 10,
  "PluralName" : "Invoices",
  "LookupDataPage" : {
    "ReferenceID" : "InvoiceLookup",
    "Namespace" : "GoMechanic"
  },
  "ListDataPage" : {
    "ReferenceID" : "InvoiceList",
    "Namespace" : "GoMechanic"
  },
  "Type" : "CaseType",
  "IdPrefix" : "I-",
  "RuleResolutionID" : "Invoice"
}