{
  "Reusability" : "PublicMayReuse",
  "Description" : "",
  "Category" : "Case",
  "SchemaVersion" : "2-7-0",
  "AppliesTo" : {
    "ReferenceID" : "Servicerequest",
    "Namespace" : "GoMechanic"
  },
  "ServiceLevelAgreement" : {
    "ReferenceID" : "ServiceRequestSLA",
    "Namespace" : "GoMechanic"
  },
  "InitializationStage" : {
    "Stage" : {
      "ReferenceID" : "Create",
      "Namespace" : "GoMechanic"
    },
    "EntryStatus" : {
      "ReferenceID" : "New",
      "Namespace" : "PegaPlatform"
    }
  },
  "OptionalActions" : [ {
    "Action" : {
      "ReferenceID" : "Edit",
      "Namespace" : "PegaPlatform"
    },
    "VisibilityCondition" : {
      "ConditionType" : "Always"
    }
  }, {
    "Action" : {
      "ReferenceID" : "pyChangeStage",
      "Namespace" : "PegaPlatform"
    },
    "VisibilityCondition" : {
      "ConditionType" : "Always"
    }
  } ],
  "PrimaryFields" : [ {
    "ReferenceID" : "PhoneNo",
    "Namespace" : "GoMechanic"
  } ],
  "Namespace" : "GoMechanic",
  "Name" : "Service request",
  "PrimaryStages" : [ {
    "Stage" : {
      "ReferenceID" : "Service",
      "Namespace" : "GoMechanic"
    },
    "EntryStatus" : {
      "ReferenceID" : "Open",
      "Namespace" : "PegaPlatform"
    },
    "Transition" : "Automatic",
    "SkipStage" : {
      "SkipType" : "Never"
    }
  }, {
    "Stage" : {
      "ReferenceID" : "Resolution",
      "Namespace" : "GoMechanic"
    },
    "EntryStatus" : {
      "ReferenceID" : "Resolved-Completed",
      "Namespace" : "PegaPlatform"
    },
    "Transition" : "Resolution",
    "SkipStage" : {
      "SkipType" : "Never"
    },
    "ResolutionConfiguration" : {
      "Status" : {
        "ReferenceID" : "Resolved-Completed",
        "Namespace" : "PegaPlatform"
      }
    }
  } ],
  "AlternateStages" : [ {
    "Stage" : {
      "ReferenceID" : "Rejected",
      "Namespace" : "GoMechanic"
    },
    "EntryStatus" : {
      "ReferenceID" : "Resolved-Rejected",
      "Namespace" : "PegaPlatform"
    },
    "Transition" : "Resolution",
    "ResolutionConfiguration" : {
      "Status" : {
        "ReferenceID" : "Resolved-Rejected",
        "Namespace" : "PegaPlatform"
      }
    }
  } ],
  "InitialUrgency" : 10,
  "Type" : "CaseType",
  "LookupDataPage" : {
    "ReferenceID" : "D_ServicerequestLookup",
    "Namespace" : "GoMechanic"
  },
  "ListDataPage" : {
    "ReferenceID" : "D_ServicerequestList",
    "Namespace" : "GoMechanic"
  },
  "IdPrefix" : "SR-",
  "RuleResolutionID" : "ServiceRequest",
  "EnableUniqueBusinessIDGeneration" : false
}