{
  "Reusability" : "PublicMayReuse",
  "Category" : "Case",
  "SchemaVersion" : "2-7-0",
  "AppliesTo" : {
    "ReferenceID" : "Service",
    "Namespace" : "GoMechanic"
  },
  "InitializationStage" : {
    "Stage" : {
      "ReferenceID" : "CreateService",
      "Namespace" : "GoMechanic"
    },
    "EntryStatus" : {
      "ReferenceID" : "New",
      "Namespace" : "PegaPlatform"
    }
  },
  "OptionalActions" : [ {
    "Action" : {
      "ReferenceID" : "Edit",
      "Namespace" : "PegaPlatform"
    },
    "VisibilityCondition" : {
      "ConditionType" : "Always"
    }
  }, {
    "Action" : {
      "ReferenceID" : "pyChangeStage",
      "Namespace" : "PegaPlatform"
    },
    "VisibilityCondition" : {
      "ConditionType" : "Always"
    }
  } ],
  "Namespace" : "GoMechanic",
  "Name" : "Service",
  "PrimaryStages" : [ {
    "Stage" : {
      "ReferenceID" : "AssesTheVehicle",
      "Namespace" : "GoMechanic"
    },
    "Transition" : "Automatic",
    "SkipStage" : {
      "SkipType" : "Never"
    }
  }, {
    "Stage" : {
      "ReferenceID" : "FindTheRequiredParts",
      "Namespace" : "GoMechanic"
    },
    "Transition" : "Automatic",
    "SkipStage" : {
      "SkipType" : "Never"
    }
  }, {
    "Stage" : {
      "ReferenceID" : "FixTheProblem",
      "Namespace" : "GoMechanic"
    },
    "Transition" : "Automatic",
    "SkipStage" : {
      "SkipType" : "Never"
    }
  }, {
    "Stage" : {
      "ReferenceID" : "ServiceComplete",
      "Namespace" : "GoMechanic"
    },
    "Transition" : "Resolution",
    "SkipStage" : {
      "SkipType" : "Never"
    },
    "ResolutionConfiguration" : {
      "Status" : {
        "ReferenceID" : "Resolved-Completed",
        "Namespace" : "PegaPlatform"
      }
    }
  } ],
  "InitialUrgency" : 10,
  "Type" : "CaseType",
  "LookupDataPage" : {
    "ReferenceID" : "D_ServiceLookup",
    "Namespace" : "GoMechanic"
  },
  "ListDataPage" : {
    "ReferenceID" : "D_ServiceList",
    "Namespace" : "GoMechanic"
  },
  "IdPrefix" : "S-",
  "RuleResolutionID" : "Service",
  "EnableUniqueBusinessIDGeneration" : false
}