{
  "Reusability" : "PublicMayReuse",
  "Description" : "Service dealer",
  "Category" : "Case",
  "SchemaVersion" : "2-7-0",
  "AppliesTo" : {
    "ReferenceID" : "Servicedealer",
    "Namespace" : "GoMechanic"
  },
  "InitializationStage" : {
    "Stage" : {
      "ReferenceID" : "CreateServiceDealer",
      "Namespace" : "GoMechanic"
    },
    "EntryStatus" : {
      "ReferenceID" : "New-CreateServiceDealer",
      "Namespace" : "GoMechanic"
    }
  },
  "OptionalActions" : [ {
    "Action" : {
      "ReferenceID" : "Edit",
      "Namespace" : "PegaPlatform"
    },
    "VisibilityCondition" : {
      "ConditionType" : "Always"
    }
  }, {
    "Action" : {
      "ReferenceID" : "pyChangeStage",
      "Namespace" : "PegaPlatform"
    },
    "VisibilityCondition" : {
      "ConditionType" : "Always"
    }
  }, {
    "Action" : {
      "ReferenceID" : "SetActiveMechanic",
      "Namespace" : "GoMechanic"
    },
    "VisibilityCondition" : {
      "ConditionType" : "Always"
    }
  } ],
  "PrimaryFields" : [ {
    "ReferenceID" : "SelectedService",
    "Namespace" : "GoMechanic"
  } ],
  "Namespace" : "GoMechanic",
  "Name" : "Service dealer",
  "PrimaryStages" : [ {
    "Stage" : {
      "ReferenceID" : "Active",
      "Namespace" : "GoMechanic"
    },
    "EntryStatus" : {
      "ReferenceID" : "Open-Active",
      "Namespace" : "GoMechanic"
    },
    "Transition" : "Manual",
    "SkipStage" : {
      "SkipType" : "Never"
    },
    "EntryValidation" : {
      "CallReference" : {
        "ReferenceID" : "ServiceDealerValidate",
        "Namespace" : "GoMechanic"
      },
      "CallType" : "Validation"
    }
  }, {
    "Stage" : {
      "ReferenceID" : "Inactive",
      "Namespace" : "GoMechanic"
    },
    "EntryStatus" : {
      "ReferenceID" : "Open-Inactive",
      "Namespace" : "GoMechanic"
    },
    "Transition" : "Resolution",
    "SkipStage" : {
      "SkipType" : "Never"
    },
    "ResolutionConfiguration" : {
      "Status" : {
        "ReferenceID" : "Open-Inactive",
        "Namespace" : "GoMechanic"
      }
    }
  } ],
  "InitialUrgency" : 10,
  "Type" : "CaseType",
  "LookupDataPage" : {
    "ReferenceID" : "D_ServicedealerLookup",
    "Namespace" : "GoMechanic"
  },
  "ListDataPage" : {
    "ReferenceID" : "D_ServicedealerList",
    "Namespace" : "GoMechanic"
  },
  "IdPrefix" : "S-",
  "RuleResolutionID" : "ServiceDealer",
  "AllowedInitializationFields" : [ {
    "Name" : {
      "ReferenceID" : "Name",
      "Namespace" : "PegaPlatform"
    }
  }, {
    "Name" : {
      "ReferenceID" : "Description",
      "Namespace" : "PegaPlatform"
    }
  }, {
    "Name" : {
      "ReferenceID" : "ServiceArea",
      "Namespace" : "GoMechanic"
    }
  }, {
    "Name" : {
      "ReferenceID" : "DealerName",
      "Namespace" : "GoMechanic"
    }
  }, {
    "Name" : {
      "ReferenceID" : "SelectedService",
      "Namespace" : "GoMechanic"
    }
  } ],
  "EnableUniqueBusinessIDGeneration" : false
}