{
  "Connectors" : [ {
    "ID" : "2029fedc-e919-43fd-b2d0-afb9bcdbf4de",
    "To" : "55eeb0f6-6e65-48c5-8813-a1728ca9464f",
    "Type" : "Process-Connector"
  }, {
    "ID" : "59b17bd2-fc97-4c6b-a8f4-555981195a22",
    "To" : "18ed4373-7bc0-4885-9f06-92dbf9ecf142",
    "Type" : "Process-Connector"
  }, {
    "ID" : "536e56e8-87fa-4ff5-97aa-e85224903791",
    "To" : "769a6a59-f63c-46b2-8ab8-b47f92dcac1c",
    "Type" : "Process-Connector"
  }, {
    "ID" : "aabcb663-75d4-4a6f-8e76-cabd4695a540",
    "To" : "769a6a59-f63c-46b2-8ab8-b47f92dcac1c",
    "Type" : "Process-Connector"
  } ],
  "Type" : "Process",
  "Description" : "In progress",
  "Reusability" : "Private",
  "SchemaVersion" : "2-1-0",
  "AppliesTo" : {
    "ReferenceID" : "ProblemCase",
    "Namespace" : "GoMechanic"
  },
  "RuleResolutionID" : "InProgress",
  "Nodes" : [ {
    "ID" : "30d2be41-06b9-4695-a0a4-f88946ebf83c",
    "Type" : "Start",
    "ToConnectors" : [ {
      "ID" : "59b17bd2-fc97-4c6b-a8f4-555981195a22",
      "Type" : "Process-Connector"
    } ],
    "Name" : "Start"
  }, {
    "ID" : "18ed4373-7bc0-4885-9f06-92dbf9ecf142",
    "Type" : "Assignment",
    "ToConnectors" : [ {
      "ID" : "2029fedc-e919-43fd-b2d0-afb9bcdbf4de",
      "Type" : "Process-Connector",
      "Name" : "Submit",
      "Value" : "Submit"
    } ],
    "Name" : "In progress",
    "Action" : {
      "ReferenceID" : "InProgress",
      "Namespace" : "GoMechanic"
    },
    "Routing" : {
      "Type" : "Routing",
      "RoutingType" : "CurrentUser"
    }
  }, {
    "ID" : "55eeb0f6-6e65-48c5-8813-a1728ca9464f",
    "Type" : "Process-Decision",
    "Name" : "Decision",
    "ToConnectors" : [ {
      "ID" : "536e56e8-87fa-4ff5-97aa-e85224903791",
      "Type" : "Process-Connector",
      "Value" : "Yes",
      "Name" : "Yes"
    }, {
      "ID" : "aabcb663-75d4-4a6f-8e76-cabd4695a540",
      "Type" : "Process-Connector",
      "Value" : "Yes",
      "Name" : "No"
    } ],
    "Condition" : {
      "CallReference" : {
        "ReferenceID" : "testdecision",
        "Namespace" : "GoMechanic"
      },
      "CallType" : "Decision"
    }
  }, {
    "ID" : "769a6a59-f63c-46b2-8ab8-b47f92dcac1c",
    "Type" : "End",
    "ToConnectors" : [ ],
    "Name" : "End"
  } ],
  "Namespace" : "GoMechanic",
  "Name" : "In progress"
}