{
  "Connectors" : [ {
    "ID" : "f855c26f-2cbd-42c3-a462-e38018c5ffc5",
    "To" : "87074d6d-6fcc-41c8-a551-9b644c6942d5",
    "Type" : "Process-Connector",
    "Validate" : {
      "CallInputs" : [ ],
      "CallReference" : {
        "ReferenceID" : "CheckIfEmailProvidedIsOfExternalUser",
        "Namespace" : "GoMechanic"
      },
      "CallType" : "Validation"
    }
  }, {
    "ID" : "a74a9108-85a2-460a-a377-e87712e9708e",
    "To" : "bed6c95b-334c-482f-8457-882edd44cc8e",
    "Type" : "Process-Connector"
  }, {
    "To" : "8ba56bb4-d3c4-4a63-afd7-9f5eef35cbbf",
    "Type" : "Process-Connector",
    "ID" : "8278c877-bc42-402d-b225-65935d97e860"
  }, {
    "ID" : "45d72a3d-712d-495e-a21c-fe4090600a07",
    "To" : "87074d6d-6fcc-41c8-a551-9b644c6942d5",
    "Type" : "Process-Connector"
  } ],
  "Type" : "Process",
  "Description" : "Verify External User Email",
  "Reusability" : "Private",
  "SchemaVersion" : "2-1-1",
  "AppliesTo" : {
    "ReferenceID" : "ExternalUserRouting",
    "Namespace" : "GoMechanic"
  },
  "RuleResolutionID" : "VerifyExternalUserEmail",
  "Nodes" : [ {
    "ID" : "38792e63-1c9e-4781-a006-fcb3a1bee92a",
    "Type" : "Start",
    "ToConnectors" : [ {
      "ID" : "a74a9108-85a2-460a-a377-e87712e9708e",
      "Type" : "Process-Connector"
    } ],
    "Name" : "Start"
  }, {
    "ID" : "bed6c95b-334c-482f-8457-882edd44cc8e",
    "Type" : "Assignment",
    "ToConnectors" : [ {
      "ID" : "f855c26f-2cbd-42c3-a462-e38018c5ffc5",
      "Type" : "Process-Connector",
      "Name" : "Submit",
      "Value" : "Submit"
    }, {
      "ID" : "8278c877-bc42-402d-b225-65935d97e860",
      "Type" : "Process-Connector",
      "Name" : "Request for External User Email",
      "Value" : "Request for External User Email"
    } ],
    "Name" : "Verify External User Email",
    "Action" : {
      "ReferenceID" : "VerifyExternalUserEmail",
      "Namespace" : "GoMechanic"
    },
    "Routing" : {
      "RoutingType" : "CurrentUser"
    }
  }, {
    "ID" : "8ba56bb4-d3c4-4a63-afd7-9f5eef35cbbf",
    "Type" : "CallAutomation",
    "Name" : "Change to specified stage",
    "ToConnectors" : [ {
      "ID" : "45d72a3d-712d-495e-a21c-fe4090600a07",
      "Type" : "Process-Connector"
    } ],
    "Automation" : {
      "CallReference" : {
        "ReferenceID" : "ChangeToSpecifiedStage",
        "Namespace" : "PegaPlatform"
      },
      "CallType" : "Automation",
      "CallInputs" : [ {
        "ParameterName" : "Stage",
        "Source" : {
          "Type" : "ConstantRuleReference",
          "RuleType" : "Stage",
          "ReferencedRule" : {
            "ReferenceID" : "ExternalUserRoutingCreation2",
            "ReferenceScope" : {
              "ReferenceID" : "ExternalUserRouting",
              "Namespace" : "GoMechanic"
            },
            "Namespace" : "GoMechanic",
            "Type" : "RuleReference"
          }
        }
      } ]
    }
  }, {
    "ID" : "87074d6d-6fcc-41c8-a551-9b644c6942d5",
    "Type" : "End",
    "ToConnectors" : [ ],
    "Name" : "End"
  } ],
  "Namespace" : "GoMechanic",
  "Name" : "Verify External User Email"
}