{
  "Connectors" : [ {
    "ID" : "539b438c-93a2-44f4-858c-e5f558ea4141",
    "To" : "7b3213d4-4913-4b51-8078-e7f0ea980348",
    "Type" : "Process-Connector"
  }, {
    "ID" : "8aa7bd3f-8186-479a-a47e-7dffd46d9062",
    "To" : "968040c7-3249-495f-848f-97b76affb7b0",
    "Type" : "Process-Connector"
  } ],
  "Type" : "Process",
  "Description" : "",
  "Reusability" : "Private",
  "SchemaVersion" : "2-1-0",
  "AppliesTo" : {
    "ReferenceID" : "Case",
    "Namespace" : "PegaPlatform"
  },
  "RuleResolutionID" : "CardDetails",
  "Nodes" : [ {
    "ID" : "3b2dc1ca-e613-48ac-928c-0fab928b1e82",
    "Type" : "Start",
    "Name" : "Start",
    "ToConnectors" : [ {
      "ID" : "539b438c-93a2-44f4-858c-e5f558ea4141",
      "Type" : "Process-Connector"
    } ]
  }, {
    "ID" : "7b3213d4-4913-4b51-8078-e7f0ea980348",
    "Type" : "Assignment",
    "Name" : "Enter card details",
    "ToConnectors" : [ {
      "ID" : "8aa7bd3f-8186-479a-a47e-7dffd46d9062",
      "Type" : "Process-Connector",
      "Value" : "Submit",
      "Name" : "Submit"
    } ],
    "Routing" : {
      "RoutingType" : "CurrentUser"
    },
    "Action" : {
      "ReferenceID" : "CardDetails",
      "Namespace" : "GoMechanic"
    }
  }, {
    "ID" : "968040c7-3249-495f-848f-97b76affb7b0",
    "Type" : "End",
    "Name" : "End",
    "ToConnectors" : [ ]
  } ],
  "Namespace" : "GoMechanic",
  "Name" : "CardDetails"
}