{
  "Connectors" : [ {
    "ID" : "1045385b-9c1d-4c87-aa85-664be8fa8f88",
    "To" : "0dc7bf7b-8fd4-4b4c-b899-4492002703db",
    "Type" : "Process-Connector"
  } ],
  "Type" : "Process",
  "Description" : "Create New External User Routing",
  "Reusability" : "Private",
  "SchemaVersion" : "2-1-1",
  "AppliesTo" : {
    "ReferenceID" : "ExternalUserRouting",
    "Namespace" : "GoMechanic"
  },
  "RuleResolutionID" : "CreateNewExternalUserRouting2",
  "Nodes" : [ {
    "ID" : "6ca83802-179c-45af-a41a-749d41124f40",
    "Type" : "Start",
    "ToConnectors" : [ {
      "ID" : "1045385b-9c1d-4c87-aa85-664be8fa8f88",
      "Type" : "Process-Connector"
    } ],
    "Name" : "Start"
  }, {
    "ID" : "0dc7bf7b-8fd4-4b4c-b899-4492002703db",
    "Type" : "End",
    "ToConnectors" : [ ],
    "Name" : "End"
  } ],
  "Namespace" : "GoMechanic",
  "Name" : "Create New External User Routing"
}