{
  "Connectors" : [ {
    "ID" : "aa8e1f1d-5f80-476b-9e3b-d8845b0fd450",
    "To" : "7427feb3-88be-44f2-8702-72869c554a3d",
    "Type" : "Process-Connector"
  }, {
    "ID" : "24d970a5-f9f4-432f-bd3c-aac0e371a6f7",
    "To" : "38b632b4-6e37-4e8f-9430-a0f05c0177ea",
    "Type" : "Process-Connector"
  } ],
  "Type" : "Process",
  "Description" : "Review Purchase Request",
  "Reusability" : "Private",
  "SchemaVersion" : "2-1-1",
  "AppliesTo" : {
    "ReferenceID" : "PurchaseRequest",
    "Namespace" : "GoMechanic"
  },
  "RuleResolutionID" : "ReviewPurchaseRequest",
  "Nodes" : [ {
    "ID" : "82d60c75-0e55-4b31-a798-3b7fe113f4cc",
    "Type" : "Start",
    "ToConnectors" : [ {
      "ID" : "24d970a5-f9f4-432f-bd3c-aac0e371a6f7",
      "Type" : "Process-Connector"
    } ],
    "Name" : "Start"
  }, {
    "ID" : "38b632b4-6e37-4e8f-9430-a0f05c0177ea",
    "Type" : "Assignment",
    "ToConnectors" : [ {
      "ID" : "aa8e1f1d-5f80-476b-9e3b-d8845b0fd450",
      "Type" : "Process-Connector",
      "Name" : "Submit",
      "Value" : "Submit"
    } ],
    "Name" : "Review Purchase Request",
    "Action" : {
      "ReferenceID" : "ReviewPurchaseRequest",
      "Namespace" : "GoMechanic"
    },
    "Routing" : {
      "RoutingType" : "CurrentUser"
    }
  }, {
    "ID" : "7427feb3-88be-44f2-8702-72869c554a3d",
    "Type" : "End",
    "ToConnectors" : [ ],
    "Name" : "End"
  } ],
  "Namespace" : "GoMechanic",
  "Name" : "Review Purchase Request"
}