{
  "Connectors" : [ {
    "ID" : "c1ad5350-ab13-4d9b-ae73-049108d3000e",
    "To" : "94734fdc-f725-400d-a9ae-2b5265f42296",
    "Type" : "Process-Connector"
  }, {
    "ID" : "2cebd6c3-9244-433a-90ad-95aa3a939988",
    "To" : "15cf2501-13d1-47ed-81ea-1af76a15f4b2",
    "Type" : "Process-Connector"
  }, {
    "ID" : "32881c59-af6a-429c-bcac-ac45e9520352",
    "To" : "cc023e5e-02d6-4e28-a1a0-02e4e937679b",
    "Type" : "Process-Connector"
  }, {
    "ID" : "7e65b2e5-cfdb-49ae-a53e-f4cfc1be8aea",
    "To" : "15cf2501-13d1-47ed-81ea-1af76a15f4b2",
    "Type" : "Process-Connector"
  } ],
  "Type" : "Process",
  "Description" : "",
  "Reusability" : "Private",
  "SchemaVersion" : "2-1-0",
  "AppliesTo" : {
    "ReferenceID" : "Servicerequest",
    "Namespace" : "GoMechanic"
  },
  "RuleResolutionID" : "ValidateRequest",
  "Nodes" : [ {
    "ID" : "b674e819-96eb-476a-8e5f-5aa50ffa5656",
    "Type" : "Start",
    "ToConnectors" : [ {
      "ID" : "c1ad5350-ab13-4d9b-ae73-049108d3000e",
      "Type" : "Process-Connector"
    } ],
    "Name" : "START"
  }, {
    "ID" : "94734fdc-f725-400d-a9ae-2b5265f42296",
    "Type" : "Process-Decision",
    "ToConnectors" : [ {
      "ID" : "2cebd6c3-9244-433a-90ad-95aa3a939988",
      "Type" : "Process-Connector",
      "Name" : "True",
      "Value" : "True"
    }, {
      "ID" : "32881c59-af6a-429c-bcac-ac45e9520352",
      "Type" : "Process-Connector",
      "Name" : "False",
      "Value" : "False"
    } ],
    "Name" : "Decision",
    "Condition" : {
      "CallReference" : {
        "ReferenceID" : "IsVehicleMakeSerivceable",
        "Namespace" : "GoMechanic"
      },
      "CallInputs" : [ ],
      "CallType" : "Decision"
    }
  }, {
    "ID" : "cc023e5e-02d6-4e28-a1a0-02e4e937679b",
    "Type" : "CallAutomation",
    "ToConnectors" : [ {
      "ID" : "7e65b2e5-cfdb-49ae-a53e-f4cfc1be8aea",
      "Type" : "Process-Connector"
    } ],
    "Name" : "Choose Automation",
    "Automation" : {
      "CallReference" : {
        "ReferenceID" : "ChangeToSpecifiedStage",
        "Namespace" : "PegaPlatform"
      },
      "CallInputs" : [ {
        "ParameterName" : "Stage",
        "Source" : {
          "Type" : "ConstantRuleReference",
          "RuleType" : "Stage",
          "ReferencedRule" : {
            "ReferenceID" : "Rejected",
            "ReferenceScope" : {
              "ReferenceID" : "Servicerequest",
              "Namespace" : "GoMechanic"
            },
            "Type" : "RuleReference",
            "Namespace" : "GoMechanic"
          }
        }
      } ],
      "CallType" : "Automation"
    }
  }, {
    "ID" : "15cf2501-13d1-47ed-81ea-1af76a15f4b2",
    "Type" : "End",
    "ToConnectors" : [ ],
    "Name" : "END"
  } ],
  "Namespace" : "GoMechanic",
  "Name" : "Validate request"
}