{
  "Connectors" : [ {
    "ID" : "8ff03df5-4612-4af9-8dd6-52becf7f1eb9",
    "To" : "17383864-0299-4d89-964c-f79a873a8e38",
    "Type" : "Process-Connector"
  }, {
    "ID" : "cab92806-0d78-4a89-b54d-496f9af85af6",
    "To" : "9f815b2c-cd33-4911-96d5-00bfa8a5e535",
    "Type" : "Process-Connector"
  } ],
  "Type" : "Process",
  "Description" : "Create",
  "Reusability" : "Private",
  "SchemaVersion" : "2-1-1",
  "AppliesTo" : {
    "ReferenceID" : "Purchaser",
    "Namespace" : "GoMechanic"
  },
  "RuleResolutionID" : "Create",
  "Nodes" : [ {
    "ID" : "a2995719-c53e-43f0-9923-fd81afb718f6",
    "Type" : "Start",
    "ToConnectors" : [ {
      "ID" : "cab92806-0d78-4a89-b54d-496f9af85af6",
      "Type" : "Process-Connector"
    } ],
    "Name" : "Start"
  }, {
    "ID" : "9f815b2c-cd33-4911-96d5-00bfa8a5e535",
    "Type" : "Assignment",
    "ToConnectors" : [ {
      "ID" : "8ff03df5-4612-4af9-8dd6-52becf7f1eb9",
      "Type" : "Process-Connector",
      "Name" : "Submit",
      "Value" : "Submit"
    } ],
    "Name" : "Create",
    "Action" : {
      "ReferenceID" : "Create",
      "Namespace" : "GoMechanic"
    },
    "Routing" : {
      "RoutingType" : "CurrentUser"
    }
  }, {
    "ID" : "17383864-0299-4d89-964c-f79a873a8e38",
    "Type" : "End",
    "ToConnectors" : [ ],
    "Name" : "End"
  } ],
  "Namespace" : "GoMechanic",
  "Name" : "Create"
}