{
  "Connectors" : [ {
    "ID" : "e61847b4-9625-4171-8862-bc6bd3b926ba",
    "To" : "e35a7f36-7a19-4ba0-856d-49d10ab5ec28",
    "Type" : "Process-Connector"
  }, {
    "ID" : "78a4a3c8-6521-40e7-b974-0bda800d748f",
    "To" : "157ba48f-c057-4924-89e3-1062aa74291a",
    "Type" : "Process-Connector"
  } ],
  "Type" : "Process",
  "Description" : "Find required parts",
  "Reusability" : "Private",
  "SchemaVersion" : "2-1-1",
  "AppliesTo" : {
    "ReferenceID" : "Service",
    "Namespace" : "GoMechanic"
  },
  "RuleResolutionID" : "FindRequiredParts",
  "Nodes" : [ {
    "ID" : "5775e43f-9a16-4087-b3f5-d3a2c19cb53c",
    "Type" : "Start",
    "ToConnectors" : [ {
      "ID" : "78a4a3c8-6521-40e7-b974-0bda800d748f",
      "Type" : "Process-Connector"
    } ],
    "Name" : "Start"
  }, {
    "ID" : "157ba48f-c057-4924-89e3-1062aa74291a",
    "Type" : "Assignment",
    "ToConnectors" : [ {
      "ID" : "e61847b4-9625-4171-8862-bc6bd3b926ba",
      "Type" : "Process-Connector",
      "Name" : "Submit",
      "Value" : "Submit"
    } ],
    "Name" : "Find required parts",
    "Action" : {
      "ReferenceID" : "FindRequiredParts",
      "Namespace" : "GoMechanic"
    },
    "Routing" : {
      "Type" : "Routing",
      "RoutingType" : "CurrentUser"
    }
  }, {
    "ID" : "e35a7f36-7a19-4ba0-856d-49d10ab5ec28",
    "Type" : "End",
    "ToConnectors" : [ ],
    "Name" : "End"
  } ],
  "Namespace" : "GoMechanic",
  "Name" : "Find required parts"
}