{
  "Connectors" : [ {
    "ID" : "732540a0-e597-4bff-b89b-d1c8e70321ee",
    "To" : "4c93e690-98be-46d3-841c-bd2ee0f4c924",
    "Type" : "Process-Connector"
  }, {
    "ID" : "2b2f7bf6-bb87-4d3d-9d43-bfb04223ec57",
    "To" : "dafb121a-6904-4292-a3ac-747b10637250",
    "Type" : "Process-Connector"
  } ],
  "Type" : "Process",
  "Description" : "Create new Domless Purchase Request",
  "Reusability" : "Private",
  "SchemaVersion" : "2-1-1",
  "AppliesTo" : {
    "ReferenceID" : "DomlessPurchaseRequest",
    "Namespace" : "GoMechanic"
  },
  "RuleResolutionID" : "CreateNewDomlessPurchaseRequest",
  "Nodes" : [ {
    "ID" : "97cdf075-aa7e-469e-8dd2-e263de25ec18",
    "Type" : "Start",
    "ToConnectors" : [ {
      "ID" : "2b2f7bf6-bb87-4d3d-9d43-bfb04223ec57",
      "Type" : "Process-Connector"
    } ],
    "Name" : "Start"
  }, {
    "ID" : "dafb121a-6904-4292-a3ac-747b10637250",
    "Type" : "Assignment",
    "ToConnectors" : [ {
      "ID" : "732540a0-e597-4bff-b89b-d1c8e70321ee",
      "Type" : "Process-Connector",
      "Name" : "Submit",
      "Value" : "Submit"
    } ],
    "Name" : "Collect Domless Purchase Request info",
    "Action" : {
      "ReferenceID" : "CollectDomlessPurchaseRequestInfo",
      "Namespace" : "GoMechanic"
    },
    "Routing" : {
      "RoutingType" : "CurrentUser"
    }
  }, {
    "ID" : "4c93e690-98be-46d3-841c-bd2ee0f4c924",
    "Type" : "End",
    "ToConnectors" : [ ],
    "Name" : "End"
  } ],
  "Namespace" : "GoMechanic",
  "Name" : "Create new Domless Purchase Request"
}