{
  "Connectors" : [ {
    "ID" : "fcd10639-0146-4b82-bc0a-0e66662ae87c",
    "To" : "ab023839-71fa-479c-b4c3-17f00c5eb37b",
    "Type" : "Process-Connector"
  }, {
    "ID" : "a57c144b-2d68-48e8-9309-8b3551036766",
    "To" : "c3f1c32f-9e60-4a4e-b424-136e3b1e58ea",
    "Type" : "Process-Connector"
  } ],
  "Type" : "Process",
  "Description" : "Create new External User Routing",
  "Reusability" : "Private",
  "SchemaVersion" : "2-1-0",
  "AppliesTo" : {
    "ReferenceID" : "ExternalUserRouting",
    "Namespace" : "GoMechanic"
  },
  "RuleResolutionID" : "CreateNewExternalUserRouting",
  "Nodes" : [ {
    "ID" : "60fc91e7-1cb9-4322-8b4d-8fdd406d5e31",
    "Type" : "Start",
    "ToConnectors" : [ {
      "ID" : "a57c144b-2d68-48e8-9309-8b3551036766",
      "Type" : "Process-Connector"
    } ],
    "Name" : "Start"
  }, {
    "ID" : "c3f1c32f-9e60-4a4e-b424-136e3b1e58ea",
    "Type" : "Assignment",
    "ToConnectors" : [ {
      "ID" : "fcd10639-0146-4b82-bc0a-0e66662ae87c",
      "Type" : "Process-Connector",
      "Name" : "Submit",
      "Value" : "Submit"
    } ],
    "Name" : "Collect External User Routing info",
    "Action" : {
      "ReferenceID" : "CollectExternalUserRoutingInfo",
      "Namespace" : "GoMechanic"
    },
    "Routing" : {
      "RoutingType" : "CurrentUser"
    }
  }, {
    "ID" : "ab023839-71fa-479c-b4c3-17f00c5eb37b",
    "Type" : "End",
    "ToConnectors" : [ ],
    "Name" : "End"
  } ],
  "Namespace" : "GoMechanic",
  "Name" : "Create new External User Routing"
}