{
  "Connectors" : [ {
    "ID" : "bd91f59d-6811-4b1d-a7ab-9bc368fa5849",
    "To" : "9432d278-482b-4ad9-816b-ed6c8d77cce0",
    "Type" : "Process-Connector"
  }, {
    "ID" : "d5d99fe2-1ac0-4ca8-bbc3-1cad6a58ccec",
    "To" : "0c078518-457c-4846-b571-374bcad1c54e",
    "Type" : "Process-Connector"
  } ],
  "Type" : "Process",
  "Description" : "In progress",
  "Reusability" : "Private",
  "SchemaVersion" : "2-1-0",
  "AppliesTo" : {
    "ReferenceID" : "ExternalUserRouting",
    "Namespace" : "GoMechanic"
  },
  "RuleResolutionID" : "InProgress",
  "Nodes" : [ {
    "ID" : "f90cc039-af0b-452b-84ba-20d46e3afd6b",
    "Type" : "Start",
    "ToConnectors" : [ {
      "ID" : "d5d99fe2-1ac0-4ca8-bbc3-1cad6a58ccec",
      "Type" : "Process-Connector"
    } ],
    "Name" : "Start"
  }, {
    "ID" : "0c078518-457c-4846-b571-374bcad1c54e",
    "Type" : "Assignment",
    "ToConnectors" : [ {
      "ID" : "bd91f59d-6811-4b1d-a7ab-9bc368fa5849",
      "Type" : "Process-Connector",
      "Name" : "Submit",
      "Value" : "Submit"
    } ],
    "Name" : "External User Assignment",
    "Action" : {
      "ReferenceID" : "ExternalUserAssignment",
      "Namespace" : "GoMechanic"
    },
    "Routing" : {
      "Type" : "Routing",
      "RoutingType" : "ExternalUser",
      "RouteTo" : {
        "Type" : "FieldReference",
        "Root" : {
          "Type" : "Variable",
          "Name" : "Primary"
        },
        "Field" : {
          "Type" : "RuleReference",
          "ReferenceID" : "ExternalUserEmail",
          "Namespace" : "GoMechanic"
        }
      }
    },
    "NotificationInfo" : {
      "Correspondence" : {
        "ReferenceID" : "ExternalUserCorr",
        "Namespace" : "GoMechanic"
      }
    }
  }, {
    "ID" : "9432d278-482b-4ad9-816b-ed6c8d77cce0",
    "Type" : "End",
    "ToConnectors" : [ ],
    "Name" : "End"
  } ],
  "Namespace" : "GoMechanic",
  "Name" : "In progress"
}