{
  "Type" : "AccessGroup",
  "PrivilegesSet" : {
    "ReferenceID" : "EndUserRole",
    "Namespace" : "GoMechanic"
  },
  "Description" : "SLAAccessGroup",
  "Reusability" : "Private",
  "SchemaVersion" : "0-0-3",
  "AvailableRoles" : [ {
    "Name" : {
      "ReferenceID" : "EndUserRole",
      "Namespace" : "GoMechanic"
    }
  } ],
  "AvailablePortals" : [ {
    "Name" : {
      "ReferenceID" : "UserPortal",
      "Namespace" : "GoMechanic"
    }
  } ],
  "RuleResolutionID" : "SLAAccessGroup",
  "DefaultPortal" : {
    "ReferenceID" : "UserPortal",
    "Namespace" : "GoMechanic"
  },
  "Namespace" : "GoMechanic",
  "Name" : "SLAAccessGroup"
}