{
  "Description" : "",
  "Reusability" : "Private",
  "SchemaVersion" : "2-0-1",
  "AppliesTo" : {
    "ReferenceID" : "ExtraServices",
    "Namespace" : "GoMechanic"
  },
  "EnableCircularReferences" : false,
  "Direction" : "DESERIALIZE",
  "Namespace" : "GoMechanic",
  "Name" : "MapExtraServices",
  "TopLevelStructure" : "OBJECT",
  "Type" : "JSONTransform",
  "MaximumNumberOfLevels" : "6",
  "RuleResolutionID" : "MapExtraServices",
  "Output" : {
    "ObjectType" : {
      "Type" : "",
      "ReferenceID" : "ExtraServices",
      "Namespace" : "GoMechanic"
    },
    "Mode" : "SingleRecord"
  },
  "Inputs" : [ {
    "Description" : "Text",
    "Required" : "true",
    "Mode" : "Text",
    "Name" : "input"
  } ],
  "MappingModel" : "{\"JsonData\":{\"description\":\"JSON data\",\"id\":\"JSON-data\",\"inspectionResult\":\"{\\\"jsonType\\\":\\\"io.atlasmap.json.v2.JsonInspectionResponse\\\",\\\"jsonDocument\\\":{\\\"jsonType\\\":\\\"io.atlasmap.json.v2.JsonDocument\\\",\\\"fields\\\":{\\\"field\\\":[{\\\"jsonType\\\":\\\"io.atlasmap.json.v2.JsonField\\\",\\\"path\\\":\\\"/serviceTypee\\\",\\\"status\\\":\\\"SUPPORTED\\\",\\\"fieldType\\\":\\\"STRING\\\",\\\"name\\\":\\\"serviceTypee\\\"},{\\\"jsonType\\\":\\\"io.atlasmap.json.v2.JsonField\\\",\\\"path\\\":\\\"/servicePrice\\\",\\\"status\\\":\\\"SUPPORTED\\\",\\\"fieldType\\\":\\\"NUMBER\\\",\\\"name\\\":\\\"servicePrice\\\"}]}}}\",\"inspectionSource\":\"{\\\"type\\\":\\\"object\\\",\\\"properties\\\":{\\\"serviceTypee\\\":{\\\"type\\\":\\\"string\\\",\\\"properties\\\":{}},\\\"servicePrice\\\":{\\\"type\\\":\\\"number\\\",\\\"properties\\\":{}}}}\",\"name\":\"JSON-data\",\"showFields\":true,\"documentType\":\"JSON\",\"inspectionType\":\"INSTANCE\"},\"AtlasMapping\":\"{\\\"AtlasMapping\\\":{\\\"jsonType\\\":\\\"io.atlasmap.v2.AtlasMapping\\\",\\\"dataSource\\\":[{\\\"jsonType\\\":\\\"io.atlasmap.json.v2.JsonDataSource\\\",\\\"id\\\":\\\"input\\\",\\\"name\\\":\\\"input-data-source\\\",\\\"description\\\":\\\"input data source\\\",\\\"uri\\\":\\\"atlas:json:input\\\",\\\"dataSourceType\\\":\\\"SOURCE\\\"},{\\\"jsonType\\\":\\\"io.atlasmap.json.v2.JsonDataSource\\\",\\\"id\\\":\\\"output\\\",\\\"name\\\":\\\"output-data-source\\\",\\\"description\\\":\\\"output data source\\\",\\\"uri\\\":\\\"atlas:json:output\\\",\\\"dataSourceType\\\":\\\"TARGET\\\"}],\\\"mappings\\\":{\\\"mapping\\\":[{\\\"jsonType\\\":\\\"io.atlasmap.v2.Mapping\\\",\\\"inputField\\\":[{\\\"jsonType\\\":\\\"io.atlasmap.json.v2.JsonField\\\",\\\"docId\\\":\\\"input\\\",\\\"path\\\":\\\"/serviceTypee\\\",\\\"fieldType\\\":\\\"STRING\\\",\\\"name\\\":\\\"serviceTypee\\\"}],\\\"outputField\\\":[{\\\"jsonType\\\":\\\"io.atlasmap.json.v2.JsonField\\\",\\\"docId\\\":\\\"output\\\",\\\"path\\\":\\\"/ServiceType\\\",\\\"fieldType\\\":\\\"STRING\\\",\\\"name\\\":\\\"ServiceType\\\"}],\\\"id\\\":\\\"mapping.1\\\"},{\\\"jsonType\\\":\\\"io.atlasmap.v2.Mapping\\\",\\\"inputField\\\":[{\\\"jsonType\\\":\\\"io.atlasmap.json.v2.JsonField\\\",\\\"docId\\\":\\\"input\\\",\\\"path\\\":\\\"/servicePrice\\\",\\\"fieldType\\\":\\\"NUMBER\\\",\\\"name\\\":\\\"servicePrice\\\"}],\\\"outputField\\\":[{\\\"jsonType\\\":\\\"io.atlasmap.json.v2.JsonField\\\",\\\"docId\\\":\\\"output\\\",\\\"path\\\":\\\"/ServicePrice\\\",\\\"fieldType\\\":\\\"NUMBER\\\",\\\"name\\\":\\\"ServicePrice\\\"}],\\\"id\\\":\\\"mapping.2\\\"}]},\\\"name\\\":\\\"UI.0\\\"}}\",\"NamespaceInfo\":{\"ServiceType\":\"GoMechanic\",\"ServicePrice\":\"GoMechanic\"}}"
}