{
  "Description" : "",
  "Reusability" : "Private",
  "SchemaVersion" : "2-0-1",
  "AppliesTo" : {
    "Type" : "",
    "ReferenceID" : "Servicerequest",
    "Namespace" : "GoMechanic"
  },
  "EnableCircularReferences" : false,
  "Direction" : "SERIALIZE",
  "Namespace" : "GoMechanic",
  "Name" : "feedbackRequest",
  "TopLevelStructure" : "OBJECT",
  "Type" : "JSONTransform",
  "MaximumNumberOfLevels" : "6",
  "RuleResolutionID" : "feedbackRequest",
  "Output" : {
    "Mode" : "Text"
  },
  "Inputs" : [ {
    "DefaultValue" : "",
    "Type" : "",
    "Description" : "test",
    "Required" : "false",
    "Mode" : "Text",
    "Name" : "test"
  } ],
  "MappingModel" : "{\"JsonData\":{\"description\":\"JSON data\",\"id\":\"JSON-data\",\"inspectionResult\":\"{\\\"jsonType\\\":\\\"io.atlasmap.json.v2.JsonInspectionResponse\\\",\\\"jsonDocument\\\":{\\\"jsonType\\\":\\\"io.atlasmap.json.v2.JsonDocument\\\",\\\"fields\\\":{\\\"field\\\":[{\\\"jsonType\\\":\\\"io.atlasmap.json.v2.JsonField\\\",\\\"path\\\":\\\"/productID\\\",\\\"status\\\":\\\"SUPPORTED\\\",\\\"fieldType\\\":\\\"STRING\\\",\\\"name\\\":\\\"productID\\\"},{\\\"jsonType\\\":\\\"io.atlasmap.json.v2.JsonField\\\",\\\"path\\\":\\\"/backlogID\\\",\\\"status\\\":\\\"SUPPORTED\\\",\\\"fieldType\\\":\\\"STRING\\\",\\\"name\\\":\\\"backlogID\\\"},{\\\"jsonType\\\":\\\"io.atlasmap.json.v2.JsonField\\\",\\\"path\\\":\\\"/operatorID\\\",\\\"status\\\":\\\"SUPPORTED\\\",\\\"fieldType\\\":\\\"STRING\\\",\\\"name\\\":\\\"operatorID\\\"},{\\\"jsonType\\\":\\\"io.atlasmap.json.v2.JsonField\\\",\\\"path\\\":\\\"/name\\\",\\\"status\\\":\\\"SUPPORTED\\\",\\\"fieldType\\\":\\\"STRING\\\",\\\"name\\\":\\\"name\\\"},{\\\"jsonType\\\":\\\"io.atlasmap.json.v2.JsonField\\\",\\\"path\\\":\\\"/description\\\",\\\"status\\\":\\\"SUPPORTED\\\",\\\"fieldType\\\":\\\"STRING\\\",\\\"name\\\":\\\"description\\\"}]}}}\",\"inspectionSource\":\"{\\\"type\\\":\\\"object\\\",\\\"properties\\\":{\\\"productID\\\":{\\\"type\\\":\\\"string\\\",\\\"properties\\\":{}},\\\"backlogID\\\":{\\\"type\\\":\\\"string\\\",\\\"properties\\\":{}},\\\"operatorID\\\":{\\\"type\\\":\\\"string\\\",\\\"properties\\\":{}},\\\"name\\\":{\\\"type\\\":\\\"string\\\",\\\"properties\\\":{}},\\\"description\\\":{\\\"type\\\":\\\"string\\\",\\\"properties\\\":{}}}}\",\"name\":\"JSON-data\",\"showFields\":true,\"documentType\":\"JSON\",\"inspectionType\":\"INSTANCE\"},\"AtlasMapping\":\"{\\\"AtlasMapping\\\":{\\\"jsonType\\\":\\\"io.atlasmap.v2.AtlasMapping\\\",\\\"dataSource\\\":[{\\\"jsonType\\\":\\\"io.atlasmap.json.v2.JsonDataSource\\\",\\\"id\\\":\\\"input\\\",\\\"name\\\":\\\"input-data-source\\\",\\\"description\\\":\\\"input data source\\\",\\\"uri\\\":\\\"atlas:json:input\\\",\\\"dataSourceType\\\":\\\"SOURCE\\\"},{\\\"jsonType\\\":\\\"io.atlasmap.json.v2.JsonDataSource\\\",\\\"id\\\":\\\"output\\\",\\\"name\\\":\\\"output-data-source\\\",\\\"description\\\":\\\"output data source\\\",\\\"uri\\\":\\\"atlas:json:output\\\",\\\"dataSourceType\\\":\\\"TARGET\\\"}],\\\"mappings\\\":{\\\"mapping\\\":[{\\\"jsonType\\\":\\\"io.atlasmap.v2.Mapping\\\",\\\"inputField\\\":[{\\\"jsonType\\\":\\\"io.atlasmap.json.v2.JsonField\\\",\\\"docId\\\":\\\"input\\\",\\\"path\\\":\\\"/productID\\\",\\\"fieldType\\\":\\\"STRING\\\",\\\"name\\\":\\\"productID\\\"}],\\\"outputField\\\":[{\\\"jsonType\\\":\\\"io.atlasmap.json.v2.JsonField\\\",\\\"docId\\\":\\\"output\\\",\\\"path\\\":\\\"/productID\\\",\\\"fieldType\\\":\\\"STRING\\\",\\\"name\\\":\\\"productID\\\"}],\\\"id\\\":\\\"mapping.1\\\"},{\\\"jsonType\\\":\\\"io.atlasmap.v2.Mapping\\\",\\\"inputField\\\":[{\\\"jsonType\\\":\\\"io.atlasmap.json.v2.JsonField\\\",\\\"docId\\\":\\\"input\\\",\\\"path\\\":\\\"/backlogID\\\",\\\"fieldType\\\":\\\"STRING\\\",\\\"name\\\":\\\"backlogID\\\"}],\\\"outputField\\\":[{\\\"jsonType\\\":\\\"io.atlasmap.json.v2.JsonField\\\",\\\"docId\\\":\\\"output\\\",\\\"path\\\":\\\"/backlogID\\\",\\\"fieldType\\\":\\\"STRING\\\",\\\"name\\\":\\\"backlogID\\\"}],\\\"id\\\":\\\"mapping.2\\\"},{\\\"jsonType\\\":\\\"io.atlasmap.v2.Mapping\\\",\\\"inputField\\\":[{\\\"jsonType\\\":\\\"io.atlasmap.json.v2.JsonField\\\",\\\"docId\\\":\\\"input\\\",\\\"path\\\":\\\"/operatorID\\\",\\\"fieldType\\\":\\\"STRING\\\",\\\"name\\\":\\\"operatorID\\\"}],\\\"outputField\\\":[{\\\"jsonType\\\":\\\"io.atlasmap.json.v2.JsonField\\\",\\\"docId\\\":\\\"output\\\",\\\"path\\\":\\\"/operatorID\\\",\\\"fieldType\\\":\\\"STRING\\\",\\\"name\\\":\\\"operatorID\\\"}],\\\"id\\\":\\\"mapping.3\\\"},{\\\"jsonType\\\":\\\"io.atlasmap.v2.Mapping\\\",\\\"inputField\\\":[{\\\"jsonType\\\":\\\"io.atlasmap.json.v2.JsonField\\\",\\\"docId\\\":\\\"input\\\",\\\"path\\\":\\\"/feedbackname\\\",\\\"fieldType\\\":\\\"STRING\\\",\\\"name\\\":\\\"feedbackname\\\"}],\\\"outputField\\\":[{\\\"jsonType\\\":\\\"io.atlasmap.json.v2.JsonField\\\",\\\"docId\\\":\\\"output\\\",\\\"path\\\":\\\"/name\\\",\\\"fieldType\\\":\\\"STRING\\\",\\\"name\\\":\\\"name\\\"}],\\\"id\\\":\\\"mapping.4\\\"},{\\\"jsonType\\\":\\\"io.atlasmap.v2.Mapping\\\",\\\"inputField\\\":[{\\\"jsonType\\\":\\\"io.atlasmap.json.v2.JsonField\\\",\\\"docId\\\":\\\"input\\\",\\\"path\\\":\\\"/feedbackdescription\\\",\\\"fieldType\\\":\\\"STRING\\\",\\\"name\\\":\\\"feedbackdescription\\\"}],\\\"outputField\\\":[{\\\"jsonType\\\":\\\"io.atlasmap.json.v2.JsonField\\\",\\\"docId\\\":\\\"output\\\",\\\"path\\\":\\\"/description\\\",\\\"fieldType\\\":\\\"STRING\\\",\\\"name\\\":\\\"description\\\"}],\\\"id\\\":\\\"mapping.5\\\"}]},\\\"name\\\":\\\"UI.0\\\"}}\",\"NamespaceInfo\":{\"productID\":\"GoMechanic\",\"backlogID\":\"GoMechanic\",\"operatorID\":\"GoMechanic\",\"feedbackname\":\"GoMechanic\",\"feedbackdescription\":\"GoMechanic\"}}"
}