{
  "Description" : "Car makers response mapping",
  "Reusability" : "Private",
  "SchemaVersion" : "2-1-0",
  "AppliesTo" : {
    "Type" : "",
    "ReferenceID" : "CarMakers",
    "Namespace" : "GoMechanic"
  },
  "EnableCircularReferences" : false,
  "Direction" : "DESERIALIZE",
  "Namespace" : "GoMechanic",
  "Name" : "Car makers response mapping",
  "TopLevelStructure" : "ARRAY",
  "Type" : "JSONTransform",
  "MaximumNumberOfLevels" : "6",
  "RuleResolutionID" : "CarMakersResponseMapping",
  "Output" : {
    "ObjectType" : {
      "Type" : "",
      "ReferenceID" : "CarMakers",
      "Namespace" : "GoMechanic"
    },
    "Mode" : "ListOfRecords"
  },
  "Inputs" : [ {
    "DefaultValue" : "",
    "Type" : "",
    "Description" : "ResponseText",
    "Required" : "true",
    "Mode" : "Text",
    "Name" : "ResponseText"
  } ],
  "MappingModel" : "{\"JsonData\":{\"description\":\"JSON data\",\"id\":\"JSON-data\",\"inspectionResult\":\"{\\\"jsonType\\\":\\\"io.atlasmap.json.v2.JsonInspectionResponse\\\",\\\"jsonDocument\\\":{\\\"jsonType\\\":\\\"io.atlasmap.json.v2.JsonDocument\\\",\\\"fields\\\":{\\\"field\\\":[{\\\"jsonType\\\":\\\"io.atlasmap.json.v2.JsonComplexType\\\",\\\"collectionType\\\":\\\"LIST\\\",\\\"path\\\":\\\"/<>\\\",\\\"status\\\":\\\"SUPPORTED\\\",\\\"fieldType\\\":\\\"COMPLEX\\\",\\\"name\\\":\\\"\\\",\\\"jsonFields\\\":{\\\"jsonField\\\":[{\\\"jsonType\\\":\\\"io.atlasmap.json.v2.JsonField\\\",\\\"path\\\":\\\"/<>/Make\\\",\\\"status\\\":\\\"SUPPORTED\\\",\\\"fieldType\\\":\\\"STRING\\\",\\\"name\\\":\\\"Make\\\"}]},\\\"jsonEnumFields\\\":{\\\"jsonEnumField\\\":[]}}]}}}\",\"inspectionSource\":\"{\\\"type\\\":\\\"array\\\",\\\"properties\\\":{},\\\"items\\\":{\\\"type\\\":\\\"object\\\",\\\"properties\\\":{\\\"Make\\\":{\\\"type\\\":\\\"string\\\",\\\"properties\\\":{}}}}}\",\"name\":\"JSON-data\",\"showFields\":true,\"documentType\":\"JSON\",\"inspectionType\":\"INSTANCE\"},\"AtlasMapping\":\"{\\\"AtlasMapping\\\":{\\\"jsonType\\\":\\\"io.atlasmap.v2.AtlasMapping\\\",\\\"dataSource\\\":[{\\\"jsonType\\\":\\\"io.atlasmap.json.v2.JsonDataSource\\\",\\\"id\\\":\\\"input\\\",\\\"name\\\":\\\"input-data-source\\\",\\\"description\\\":\\\"input data source\\\",\\\"uri\\\":\\\"atlas:json:input\\\",\\\"dataSourceType\\\":\\\"SOURCE\\\"},{\\\"jsonType\\\":\\\"io.atlasmap.json.v2.JsonDataSource\\\",\\\"id\\\":\\\"output\\\",\\\"name\\\":\\\"output-data-source\\\",\\\"description\\\":\\\"output data source\\\",\\\"uri\\\":\\\"atlas:json:output\\\",\\\"dataSourceType\\\":\\\"TARGET\\\"}],\\\"mappings\\\":{\\\"mapping\\\":[{\\\"jsonType\\\":\\\"io.atlasmap.v2.Mapping\\\",\\\"inputFieldGroup\\\":{\\\"jsonType\\\":\\\"io.atlasmap.v2.FieldGroup\\\",\\\"field\\\":[{\\\"jsonType\\\":\\\"io.atlasmap.json.v2.JsonField\\\",\\\"docId\\\":\\\"input\\\",\\\"path\\\":\\\"/<>/Make\\\",\\\"fieldType\\\":\\\"STRING\\\",\\\"name\\\":\\\"Make\\\"}]},\\\"inputField\\\":[],\\\"outputField\\\":[{\\\"jsonType\\\":\\\"io.atlasmap.json.v2.JsonField\\\",\\\"docId\\\":\\\"output\\\",\\\"path\\\":\\\"/<>/PegaPlatform;;Name\\\",\\\"fieldType\\\":\\\"STRING\\\",\\\"name\\\":\\\"PegaPlatform;;Name\\\"}],\\\"id\\\":\\\"mapping.1\\\"}]},\\\"name\\\":\\\"UI.0\\\"}}\",\"NamespaceInfo\":{}}"
}