{
  "Description" : "This is used to retrieve a list of Servicerequest that are associated with a specific Servicedealer.",
  "Reusability" : "Private",
  "Query" : {
    "CallReference" : {
      "ReferenceScope" : {
        "ReferenceID" : "Servicerequest",
        "Namespace" : "GoMechanic"
      },
      "ReferenceID" : "ServicerequestListByServicedealerId",
      "Namespace" : "GoMechanic"
    },
    "CallInputs" : [ {
      "ParameterName" : "ID",
      "Source" : {
        "Type" : "Variable",
        "Name" : "ID"
      }
    } ],
    "CallType" : "Query"
  },
  "ConnectionType" : "QUERY",
  "SchemaVersion" : "0-1-0",
  "AppliesTo" : {
    "ReferenceID" : "Servicerequest",
    "Namespace" : "GoMechanic"
  },
  "CallType" : "Library",
  "Direction" : "READ",
  "Namespace" : "GoMechanic",
  "Name" : "Servicerequest list by Servicedealer Id",
  "Type" : "DataConnection",
  "Output" : {
    "ObjectType" : {
      "ReferenceID" : "Servicerequest",
      "Namespace" : "GoMechanic",
      "Type" : "RuleReference"
    },
    "Mode" : "ListOfRecords"
  },
  "RuleResolutionID" : "ServicerequestListByServicedealerId",
  "Inputs" : [ {
    "Name" : "ID",
    "Description" : "object key",
    "Mode" : "Text",
    "Required" : "true",
    "Type" : "",
    "DefaultValue" : ""
  } ]
}