{
  "Description" : "",
  "Reusability" : "Private",
  "ConnectionType" : "QUERY",
  "Query" : {
    "CallReference" : {
      "ReferenceID" : "CarNames",
      "ReferenceScope" : {
        "Type" : "",
        "ReferenceID" : "CarMakers",
        "Namespace" : "GoMechanic"
      },
      "Namespace" : "GoMechanic"
    },
    "CallType" : "Query",
    "CallInputs" : [ {
      "ParameterName" : "BusinessID",
      "Source" : {
        "Type" : "ConstantText",
        "Value" : ""
      }
    } ]
  },
  "SchemaVersion" : "0-1-0",
  "AppliesTo" : {
    "Type" : "",
    "ReferenceID" : "CarMakers",
    "Namespace" : "GoMechanic"
  },
  "CallType" : "Library",
  "Namespace" : "GoMechanic",
  "Name" : "car maker name",
  "Type" : "DataConnection",
  "RuleResolutionID" : "carMakerName",
  "Output" : {
    "ObjectType" : {
      "Type" : "",
      "ReferenceID" : "CarMakers",
      "Namespace" : "GoMechanic"
    },
    "Mode" : "SingleRecord"
  },
  "Inputs" : [ {
    "DefaultValue" : "",
    "Type" : "",
    "Description" : "BusinessID",
    "Required" : "false",
    "Mode" : "Text",
    "Name" : "BusinessID"
  } ]
}