{
  "Connector" : {
    "CallReference" : {
      "ReferenceID" : "CaptureFeedback",
      "ReferenceScope" : {
        "Type" : "",
        "ReferenceID" : "Servicerequest",
        "Namespace" : "GoMechanic"
      },
      "Namespace" : "GoMechanic"
    },
    "CallType" : "RESTConnector",
    "CallInputs" : [ {
      "ParameterName" : "reqJSON",
      "Source" : {
        "Type" : "ConstantText",
        "Value" : ""
      }
    } ]
  },
  "Description" : "",
  "Reusability" : "Private",
  "ConnectionType" : "REST_CONNECTOR",
  "SchemaVersion" : "0-1-0",
  "AppliesTo" : {
    "Type" : "",
    "ReferenceID" : "Servicerequest",
    "Namespace" : "GoMechanic"
  },
  "CallType" : "ResourceObject",
  "Namespace" : "GoMechanic",
  "Name" : "CaptureFeedback",
  "Type" : "DataConnection",
  "ResponseJSONTransform" : {
    "ReferenceID" : "feedbackResponse",
    "Namespace" : "GoMechanic"
  },
  "RuleResolutionID" : "CaptureFeedback",
  "Output" : {
    "Mode" : ""
  },
  "RequestJSONTransform" : {
    "CallReference" : {
      "ReferenceID" : "feedbackRequest",
      "Namespace" : "GoMechanic"
    },
    "CallType" : "JSONTransform",
    "CallInputs" : [ {
      "ParameterName" : "reqJSON",
      "Source" : {
        "Type" : "ConstantText",
        "Value" : ""
      }
    } ]
  },
  "Inputs" : [ ]
}