{
  "Description" : "PurchaseRequest lookup",
  "Reusability" : "Private",
  "Query" : {
    "CallReference" : {
      "ReferenceScope" : {
        "ReferenceID" : "PurchaseRequest",
        "Namespace" : "GoMechanic"
      },
      "ReferenceID" : "PurchaseRequestLookup",
      "Namespace" : "GoMechanic"
    },
    "CallType" : "Query",
    "CallInputs" : [ {
      "ParameterName" : "ID",
      "Source" : {
        "Type" : "Variable",
        "Name" : "ID"
      }
    } ]
  },
  "ConnectionType" : "QUERY",
  "SchemaVersion" : "1-0-0",
  "AppliesTo" : {
    "ReferenceID" : "PurchaseRequest",
    "Namespace" : "GoMechanic"
  },
  "Operation" : "READ",
  "Namespace" : "GoMechanic",
  "Name" : "PurchaseRequest lookup",
  "Type" : "DataConnection",
  "Output" : {
    "ObjectType" : {
      "ReferenceID" : "PurchaseRequest",
      "Namespace" : "GoMechanic",
      "Type" : "RuleReference"
    },
    "Mode" : "SingleRecord"
  },
  "RuleResolutionID" : "PurchaseRequestLookup",
  "Inputs" : [ {
    "Name" : "ID",
    "Description" : "object key",
    "Mode" : "Text",
    "Required" : "true",
    "Type" : "",
    "DefaultValue" : ""
  } ]
}