{
  "Type" : "DataConnection",
  "Description" : "ServicerequestList",
  "Reusability" : "Private",
  "ConnectionType" : "QUERY",
  "Query" : {
    "CallReference" : {
      "ReferenceID" : "ServiceRequest",
      "ReferenceScope" : {
        "Type" : "",
        "ReferenceID" : "Servicerequest",
        "Namespace" : "GoMechanic"
      },
      "Namespace" : "GoMechanic"
    },
    "CallType" : "Query",
    "CallInputs" : [ ]
  },
  "SchemaVersion" : "0-1-0",
  "AppliesTo" : {
    "Type" : "",
    "ReferenceID" : "Servicerequest",
    "Namespace" : "GoMechanic"
  },
  "RuleResolutionID" : "ServicerequestList",
  "Output" : {
    "ObjectType" : {
      "Type" : "RuleReference",
      "ReferenceID" : "Servicerequest",
      "Namespace" : "GoMechanic"
    },
    "Mode" : "ListOfRecords"
  },
  "CallType" : "Library",
  "Namespace" : "GoMechanic",
  "Name" : "ServicerequestList"
}