{
  "Description" : "DomlessPurchaseRequest lookup",
  "Reusability" : "Private",
  "Query" : {
    "CallReference" : {
      "ReferenceScope" : {
        "ReferenceID" : "DomlessPurchaseRequest",
        "Namespace" : "GoMechanic"
      },
      "ReferenceID" : "DomlessPurchaseRequestLookup",
      "Namespace" : "GoMechanic"
    },
    "CallType" : "Query",
    "CallInputs" : [ {
      "ParameterName" : "ID",
      "Source" : {
        "Type" : "Variable",
        "Name" : "ID"
      }
    } ]
  },
  "ConnectionType" : "QUERY",
  "SchemaVersion" : "1-0-1",
  "AppliesTo" : {
    "ReferenceID" : "DomlessPurchaseRequest",
    "Namespace" : "GoMechanic"
  },
  "Operation" : "READ",
  "Namespace" : "GoMechanic",
  "Name" : "DomlessPurchaseRequest lookup",
  "Type" : "DataConnection",
  "Output" : {
    "ObjectType" : {
      "TypeReferenceID" : "DomlessPurchaseRequest",
      "Namespace" : "GoMechanic",
      "Type" : "TypeReference"
    },
    "Mode" : "SingleRecord"
  },
  "RuleResolutionID" : "DomlessPurchaseRequestLookup",
  "Inputs" : [ {
    "ObjectType" : {
      "Type" : "TypeReference",
      "TypeReferenceID" : "Text",
      "Namespace" : "PegaPlatform",
      "Format" : {
        "Type" : "RuleReference",
        "ReferenceID" : "Text",
        "Namespace" : "PegaPlatform"
      }
    },
    "Description" : "object key",
    "Required" : "true",
    "Mode" : "SingleRecord",
    "Name" : "ID"
  } ]
}