{
  "Type" : "DataConnection",
  "Description" : "Invoice list",
  "Reusability" : "Private",
  "Query" : {
    "CallReference" : {
      "ReferenceID" : "InvoiceList",
      "Namespace" : "GoMechanic",
      "ReferenceScope" : {
        "ReferenceID" : "Invoice",
        "Namespace" : "GoMechanic"
      }
    },
    "CallType" : "Query",
    "CallInputs" : [ ]
  },
  "ConnectionType" : "QUERY",
  "SchemaVersion" : "1-0-0",
  "AppliesTo" : {
    "ReferenceID" : "Invoice",
    "Namespace" : "GoMechanic"
  },
  "Output" : {
    "ObjectType" : {
      "ReferenceID" : "Invoice",
      "Namespace" : "GoMechanic",
      "Type" : "RuleReference"
    },
    "Mode" : "ListOfRecords"
  },
  "RuleResolutionID" : "InvoiceList",
  "Operation" : "READ",
  "Namespace" : "GoMechanic",
  "Name" : "Invoice list"
}