{
  "Description" : "ServicerequestLookup",
  "Reusability" : "Private",
  "ConnectionType" : "QUERY",
  "Query" : {
    "CallReference" : {
      "ReferenceID" : "ServicerequestLookup",
      "ReferenceScope" : {
        "Type" : "",
        "ReferenceID" : "Servicerequest",
        "Namespace" : "GoMechanic"
      },
      "Namespace" : "GoMechanic"
    },
    "CallType" : "Query",
    "CallInputs" : [ {
      "ParameterName" : "ID",
      "Source" : {
        "Type" : "Variable",
        "Name" : "ID"
      }
    } ]
  },
  "SchemaVersion" : "0-1-0",
  "AppliesTo" : {
    "Type" : "",
    "ReferenceID" : "Servicerequest",
    "Namespace" : "GoMechanic"
  },
  "CallType" : "Library",
  "Namespace" : "GoMechanic",
  "Name" : "ServicerequestLookup",
  "Type" : "DataConnection",
  "RuleResolutionID" : "ServicerequestLookup",
  "Output" : {
    "ObjectType" : {
      "Type" : "RuleReference",
      "ReferenceID" : "Servicerequest",
      "Namespace" : "GoMechanic"
    },
    "Mode" : "SingleRecord"
  },
  "Inputs" : [ {
    "Description" : "Object key",
    "Required" : "true",
    "Mode" : "Text",
    "Name" : "ID"
  } ]
}