{
  "Type" : "DataConnection",
  "Description" : "DomlessPurchaseRequest list",
  "Reusability" : "Private",
  "Query" : {
    "CallReference" : {
      "ReferenceScope" : {
        "ReferenceID" : "DomlessPurchaseRequest",
        "Namespace" : "GoMechanic"
      },
      "ReferenceID" : "DomlessPurchaseRequestList",
      "Namespace" : "GoMechanic"
    },
    "CallInputs" : [ ],
    "CallType" : "Query"
  },
  "ConnectionType" : "QUERY",
  "SchemaVersion" : "1-0-1",
  "AppliesTo" : {
    "ReferenceID" : "DomlessPurchaseRequest",
    "Namespace" : "GoMechanic"
  },
  "Output" : {
    "ObjectType" : {
      "Type" : "TypeReference",
      "TypeReferenceID" : "List",
      "Namespace" : "PegaPlatform",
      "TypeArguments" : [ {
        "TypeReferenceID" : "DomlessPurchaseRequest",
        "Namespace" : "GoMechanic",
        "Type" : "TypeReference"
      } ]
    },
    "Mode" : "SingleRecord"
  },
  "RuleResolutionID" : "DomlessPurchaseRequestList",
  "Operation" : "READ",
  "Namespace" : "GoMechanic",
  "Name" : "DomlessPurchaseRequest list"
}