{
  "Type" : "DataConnection",
  "Description" : "ApprovePurchase list",
  "Reusability" : "Private",
  "Query" : {
    "CallReference" : {
      "ReferenceScope" : {
        "ReferenceID" : "ApprovePurchase",
        "Namespace" : "GoMechanic"
      },
      "ReferenceID" : "ApprovePurchaseList",
      "Namespace" : "GoMechanic"
    },
    "CallInputs" : [ ],
    "CallType" : "Query"
  },
  "ConnectionType" : "QUERY",
  "SchemaVersion" : "1-0-0",
  "AppliesTo" : {
    "ReferenceID" : "ApprovePurchase",
    "Namespace" : "GoMechanic"
  },
  "Output" : {
    "ObjectType" : {
      "ReferenceID" : "ApprovePurchase",
      "Namespace" : "GoMechanic",
      "Type" : "RuleReference"
    },
    "Mode" : "ListOfRecords"
  },
  "RuleResolutionID" : "ApprovePurchaseList",
  "Operation" : "READ",
  "Namespace" : "GoMechanic",
  "Name" : "ApprovePurchase list"
}