{
  "ConfigurationSet" : {
    "ReferenceID" : "TEST-133307_ConfigSet",
    "Namespace" : "GoMechanic"
  },
  "Type" : "ConfigurationSetting",
  "Description" : "TEST-133307_Configuration",
  "Reusability" : "PublicMayReuse",
  "SchemaVersion" : "0-0-1",
  "AppliesTo" : {
    "ReferenceID" : "Object",
    "Namespace" : "PegaPlatform"
  },
  "Output" : {
    "Mode" : "Integer"
  },
  "RuleResolutionID" : "TEST-133307_Configuration",
  "SettingType" : "Integer",
  "Namespace" : "GoMechanic",
  "Name" : "TEST-133307_Configuration"
}