{
  "Type" : "Query",
  "Description" : "This is used to retrieve a list of ApprovePurchase that are associated with a specific DomlessPurchaseRequest.",
  "Reusability" : "Private",
  "SchemaVersion" : "0-1-0",
  "Filter" : {
    "ExpressionType" : "AND",
    "Expressions" : [ {
      "Type" : "Condition",
      "OperandOne" : {
        "Type" : "FieldReference",
        "Field" : {
          "ReferenceID" : "ID",
          "Namespace" : "PegaPlatform"
        },
        "Root" : {
          "Type" : "Variable",
          "Name" : "Primary"
        },
        "ReferencePath" : [ {
          "Type" : "FieldReference",
          "Field" : {
            "Type" : "RuleReference",
            "ReferenceID" : "DomlessPurchaseRequest",
            "Namespace" : "GoMechanic"
          }
        } ]
      },
      "Comparator" : "==",
      "OperandTwo" : {
        "Name" : "ID",
        "Type" : "Variable"
      }
    }, {
      "Type" : "Condition",
      "OperandOne" : {
        "Type" : "FieldReference",
        "Field" : {
          "ReferenceID" : "Status",
          "Namespace" : "PegaPlatform"
        },
        "Root" : {
          "Type" : "Variable",
          "Name" : "Primary"
        }
      },
      "Comparator" : "!=",
      "OperandTwo" : {
        "Value" : "Resolved-Cancelled",
        "Type" : "ConstantText"
      }
    } ],
    "Type" : "ExpressionGroup"
  },
  "SortBy" : [ ],
  "AppliesTo" : {
    "ReferenceID" : "ApprovePurchase",
    "Namespace" : "GoMechanic"
  },
  "Output" : {
    "Description" : "",
    "Mode" : "SingleRecord",
    "ObjectType" : {
      "TypeReferenceID" : "List",
      "Type" : "TypeReference",
      "Namespace" : "PegaPlatform",
      "TypeArguments" : [ {
        "TypeReferenceID" : "ApprovePurchase",
        "Namespace" : "GoMechanic",
        "Type" : "TypeReference"
      } ]
    }
  },
  "RuleResolutionID" : "ApprovePurchaseListByDomlessPurchaseRequestId",
  "Inputs" : [ {
    "Name" : "ID",
    "Description" : "object key",
    "Mode" : "SingleRecord",
    "Required" : "true",
    "Type" : "",
    "ObjectType" : {
      "TypeReferenceID" : "Text",
      "Namespace" : "PegaPlatform",
      "Type" : "TypeReference",
      "Format" : {
        "ReferenceID" : "Text",
        "Namespace" : "PegaPlatform",
        "Type" : "RuleReference"
      }
    }
  } ],
  "Namespace" : "GoMechanic",
  "Name" : "Approve Purchase list  by DomlessPurchaseRequest Id"
}