{
  "Type" : "Query",
  "Description" : "",
  "Reusability" : "Private",
  "SchemaVersion" : "0-0-1",
  "Filter" : {
    "ExpressionType" : "AND",
    "Expressions" : [ {
      "Type" : "Condition",
      "OperandOne" : {
        "Type" : "FieldReference",
        "Field" : {
          "ReferenceID" : "Status",
          "Type" : "RuleReference",
          "Namespace" : "PegaPlatform"
        },
        "Root" : {
          "Type" : "Variable",
          "Name" : "Primary"
        }
      },
      "Comparator" : "!=",
      "OperandTwo" : {
        "Value" : "Resolved-Completed",
        "Type" : "ConstantText"
      }
    }, {
      "Type" : "Condition",
      "OperandOne" : {
        "Type" : "FieldReference",
        "Field" : {
          "ReferenceID" : "CurrentStageName",
          "Type" : "RuleReference",
          "Namespace" : "PegaPlatform"
        },
        "Root" : {
          "Type" : "Variable",
          "Name" : "Primary"
        }
      },
      "Comparator" : "!=",
      "OperandTwo" : {
        "Value" : "Create",
        "Type" : "ConstantText"
      }
    } ],
    "Type" : "ExpressionGroup"
  },
  "AppliesTo" : {
    "ReferenceID" : "Servicerequest",
    "Namespace" : "GoMechanic"
  },
  "Output" : {
    "Mode" : ""
  },
  "RuleResolutionID" : "OpenSRs",
  "Namespace" : "GoMechanic",
  "Name" : "Open SR's"
}