{
  "Type" : "Query",
  "Description" : "Query to List all ProblemCase instance.",
  "Reusability" : "Private",
  "SchemaVersion" : "0-0-1",
  "Filter" : {
    "ExpressionType" : "",
    "Expressions" : [ {
      "Type" : "Condition",
      "OperandOne" : {
        "Type" : "FieldReference",
        "Root" : {
          "Type" : "Variable",
          "Name" : "Primary"
        },
        "Field" : {
          "Type" : "RuleReference",
          "ReferenceID" : "Status",
          "Namespace" : "PegaPlatform"
        }
      },
      "Comparator" : "!=",
      "OperandTwo" : {
        "Type" : "ConstantText",
        "Value" : "Resolved-Cancelled"
      }
    } ],
    "Type" : "ExpressionGroup"
  },
  "SortBy" : [ {
    "Field" : {
      "ReferenceID" : "CreateDateTime",
      "Namespace" : "PegaPlatform"
    },
    "Direction" : "Descending"
  } ],
  "AppliesTo" : {
    "ReferenceID" : "ProblemCase",
    "Namespace" : "GoMechanic"
  },
  "Output" : {
    "ObjectType" : {
      "ReferenceID" : "ProblemCase",
      "Namespace" : "GoMechanic",
      "Type" : "RuleReference"
    },
    "Mode" : "ListOfRecords"
  },
  "RuleResolutionID" : "ProblemCaseList",
  "Namespace" : "GoMechanic",
  "Name" : "ProblemCase list"
}