{
  "Type" : "Query",
  "Description" : "Query to List all ApprovePurchase instance.",
  "Reusability" : "Private",
  "SchemaVersion" : "0-0-1",
  "Filter" : {
    "ExpressionType" : "",
    "Expressions" : [ {
      "Type" : "Condition",
      "OperandOne" : {
        "Type" : "CallExpression",
        "CallType" : "Function",
        "CallReference" : {
          "ReferenceID" : "StartsWith",
          "Namespace" : "PegaPlatform",
          "ReferenceScope" : {
            "ReferenceID" : "Text",
            "Namespace" : "PegaPlatform"
          }
        },
        "CallInputs" : [ {
          "ParameterName" : "Field",
          "Source" : {
            "Type" : "FieldReference",
            "Root" : {
              "Type" : "Variable",
              "Name" : "Primary"
            },
            "Field" : {
              "Type" : "RuleReference",
              "ReferenceID" : "Status",
              "Namespace" : "PegaPlatform"
            }
          }
        }, {
          "ParameterName" : "CompareWith",
          "Source" : {
            "Type" : "ConstantText",
            "Value" : "Resolved"
          }
        } ]
      },
      "Comparator" : "!=",
      "OperandTwo" : {
        "Value" : true,
        "Type" : "ConstantBoolean"
      }
    } ],
    "Type" : "ExpressionGroup"
  },
  "SortBy" : [ {
    "Field" : {
      "ReferenceID" : "CreateDateTime",
      "Namespace" : "PegaPlatform"
    },
    "Direction" : "Descending"
  } ],
  "AppliesTo" : {
    "ReferenceID" : "ApprovePurchase",
    "Namespace" : "GoMechanic"
  },
  "Output" : {
    "ObjectType" : {
      "ReferenceID" : "ApprovePurchase",
      "Namespace" : "GoMechanic",
      "Type" : "RuleReference"
    },
    "Mode" : "ListOfRecords"
  },
  "RuleResolutionID" : "ApprovePurchaseList",
  "Namespace" : "GoMechanic",
  "Name" : "ApprovePurchase list"
}