{
  "Type" : "Query",
  "Description" : "This is used to retrieve a list of Servicerequest that are associated with a specific Servicedealer.",
  "Reusability" : "Private",
  "SchemaVersion" : "0-0-1",
  "Filter" : {
    "ExpressionType" : "AND",
    "Expressions" : [ {
      "Type" : "Condition",
      "OperandOne" : {
        "Type" : "FieldReference",
        "Field" : {
          "ReferenceID" : "ID",
          "Namespace" : "PegaPlatform"
        },
        "Root" : {
          "Type" : "Variable",
          "Name" : "Primary"
        },
        "ReferencePath" : [ {
          "Type" : "FieldReference",
          "Field" : {
            "Type" : "RuleReference",
            "ReferenceID" : "ServiceDealerRef",
            "Namespace" : "GoMechanic"
          }
        } ]
      },
      "Comparator" : "==",
      "OperandTwo" : {
        "Name" : "ID",
        "Type" : "Variable"
      }
    }, {
      "Type" : "Condition",
      "OperandOne" : {
        "Type" : "FieldReference",
        "Field" : {
          "ReferenceID" : "Status",
          "Namespace" : "PegaPlatform"
        },
        "Root" : {
          "Type" : "Variable",
          "Name" : "Primary"
        }
      },
      "Comparator" : "!=",
      "OperandTwo" : {
        "Value" : "Resolved-Cancelled",
        "Type" : "ConstantText"
      }
    } ],
    "Type" : "ExpressionGroup"
  },
  "SortBy" : [ ],
  "AppliesTo" : {
    "ReferenceID" : "Servicerequest",
    "Namespace" : "GoMechanic"
  },
  "Output" : {
    "ObjectType" : {
      "ReferenceID" : "Servicerequest",
      "Namespace" : "GoMechanic",
      "Type" : "RuleReference"
    },
    "Mode" : "ListOfRecords"
  },
  "RuleResolutionID" : "ServicerequestListByServicedealerId",
  "Inputs" : [ {
    "Name" : "ID",
    "Description" : "object key",
    "Mode" : "Text",
    "Required" : "true",
    "Type" : "",
    "DefaultValue" : ""
  } ],
  "Namespace" : "GoMechanic",
  "Name" : "Servicerequest list by Servicedealer Id"
}