{
  "Type" : "Query",
  "Description" : "Car names",
  "Reusability" : "Private",
  "SchemaVersion" : "0-0-1",
  "SortBy" : [ {
    "Field" : {
      "ReferenceID" : "Make",
      "Namespace" : "GoMechanic"
    },
    "Direction" : "Ascending"
  } ],
  "AppliesTo" : {
    "ReferenceID" : "CarMakers",
    "Namespace" : "GoMechanic"
  },
  "Output" : {
    "Mode" : ""
  },
  "RuleResolutionID" : "CarNames",
  "Inputs" : [ {
    "Name" : "BusinessID",
    "Description" : "BusinessID",
    "Mode" : "Text",
    "Required" : "false",
    "Type" : "",
    "DefaultValue" : ""
  } ],
  "Namespace" : "GoMechanic",
  "Name" : "Car names"
}