{
  "Type" : "Query",
  "Description" : "Query to lookup Service instance.",
  "Reusability" : "Private",
  "SchemaVersion" : "0-0-1",
  "Filter" : {
    "ExpressionType" : "",
    "Expressions" : [ {
      "Type" : "Condition",
      "OperandOne" : {
        "Type" : "FieldReference",
        "Field" : {
          "ReferenceID" : "ID",
          "Type" : "RuleReference",
          "Namespace" : "PegaPlatform"
        },
        "Root" : {
          "Type" : "Variable",
          "Name" : "Primary"
        }
      },
      "Comparator" : "==",
      "OperandTwo" : {
        "Name" : "ID",
        "Type" : "Variable"
      }
    } ],
    "Type" : "ExpressionGroup"
  },
  "AppliesTo" : {
    "ReferenceID" : "Service",
    "Namespace" : "GoMechanic"
  },
  "Output" : {
    "Mode" : "SingleRecord",
    "ObjectType" : {
      "ReferenceID" : "Service",
      "Namespace" : "GoMechanic"
    }
  },
  "RuleResolutionID" : "ServiceLookup",
  "Inputs" : [ {
    "Name" : "ID",
    "Description" : "object key",
    "Mode" : "Text",
    "Required" : "true",
    "Type" : "",
    "DefaultValue" : ""
  } ],
  "Namespace" : "GoMechanic",
  "Name" : "ServiceLookup"
}