{
  "Description" : "Query for default case list template",
  "Reusability" : "Private",
  "SchemaVersion" : "0-0-1",
  "SortBy" : [ {
    "Field" : {
      "ReferenceID" : "CreateDateTime",
      "Namespace" : "PegaPlatform"
    },
    "Direction" : "Descending"
  } ],
  "AppliesTo" : {
    "ReferenceID" : "Servicerequest",
    "Namespace" : "GoMechanic"
  },
  "Namespace" : "GoMechanic",
  "Name" : "ServicerequestQuery",
  "Type" : "Query",
  "Filter" : {
    "ExpressionType" : "",
    "Expressions" : [ ]
  },
  "Output" : {
    "Mode" : "ListOfRecords",
    "ObjectType" : {
      "ReferenceID" : "Servicerequest",
      "Namespace" : "GoMechanic"
    }
  },
  "RuleResolutionID" : "ServicerequestQuery",
  "Select" : [ {
    "Field" : {
      "ReferenceID" : "BusinessID",
      "Namespace" : "PegaPlatform"
    }
  }, {
    "Field" : {
      "ReferenceID" : "EmailID",
      "Namespace" : "GoMechanic"
    }
  }, {
    "Field" : {
      "ReferenceID" : "PhoneNumber",
      "Namespace" : "GoMechanic"
    }
  }, {
    "Field" : {
      "ReferenceID" : "UserIssue",
      "Namespace" : "GoMechanic"
    }
  }, {
    "Field" : {
      "ReferenceID" : "Make",
      "Namespace" : "GoMechanic"
    }
  }, {
    "Field" : {
      "ReferenceID" : "Model",
      "Namespace" : "GoMechanic"
    }
  }, {
    "Field" : {
      "ReferenceID" : "Description",
      "Namespace" : "GoMechanic"
    }
  }, {
    "Field" : {
      "ReferenceID" : "Status",
      "Namespace" : "PegaPlatform"
    }
  } ],
  "Inputs" : [ {
    "Name" : "No Param",
    "Description" : "ok",
    "Mode" : "Text",
    "Required" : "false",
    "Type" : "",
    "DefaultValue" : ""
  } ]
}