{
  "Type" : "Query",
  "Description" : "Query to List all ExternalUserRouting instance.",
  "Reusability" : "Private",
  "SchemaVersion" : "0-0-1",
  "SortBy" : [ {
    "Field" : {
      "ReferenceID" : "CreateDateTime",
      "Namespace" : "PegaPlatform"
    },
    "Direction" : "Descending"
  } ],
  "AppliesTo" : {
    "ReferenceID" : "ExternalUserRouting",
    "Namespace" : "GoMechanic"
  },
  "Output" : {
    "ObjectType" : {
      "ReferenceID" : "ExternalUserRouting",
      "Namespace" : "GoMechanic",
      "Type" : "RuleReference"
    },
    "Mode" : "ListOfRecords"
  },
  "RuleResolutionID" : "ExternalUserRoutingList",
  "Namespace" : "GoMechanic",
  "Name" : "ExternalUserRouting list"
}