{
  "Type" : "Decision",
  "Description" : "Get current date and time",
  "Reusability" : "Private",
  "DefaultReturn" : {
    "Type" : "CallExpression",
    "CallType" : "Function",
    "CallReference" : {
      "Type" : "RuleReference",
      "Namespace" : "PegaPlatform",
      "ReferenceID" : "Now",
      "ReferenceScope" : {
        "Type" : "RuleReference",
        "Namespace" : "PegaPlatform",
        "ReferenceID" : "DateTime"
      }
    }
  },
  "SchemaVersion" : "0-0-1",
  "LogicType" : "Expression",
  "AppliesTo" : {
    "ReferenceID" : "Servicerequest",
    "Namespace" : "GoMechanic"
  },
  "Output" : {
    "Mode" : "DateTime"
  },
  "RuleResolutionID" : "GetCurrentDateAndTime",
  "Code" : "added",
  "Namespace" : "GoMechanic",
  "Name" : "Get current date and time"
}