{
  "Type" : "Decision",
  "Description" : "",
  "Reusability" : "Private",
  "DefaultReturn" : {
    "Type" : "CallExpression",
    "CallType" : "Automation",
    "CallReference" : {
      "Type" : "RuleReference",
      "Namespace" : "GoMechanic",
      "ReferenceID" : "CountSelectedServices"
    },
    "CallResource" : {
      "Type" : "Variable",
      "Name" : "Primary"
    }
  },
  "SchemaVersion" : "0-0-1",
  "LogicType" : "Expression",
  "AppliesTo" : {
    "ReferenceID" : "Servicerequest",
    "Namespace" : "GoMechanic"
  },
  "Output" : {
    "Mode" : "Integer"
  },
  "RuleResolutionID" : "TotalExtraServicesSelected",
  "Code" : "added",
  "Namespace" : "GoMechanic",
  "Name" : "Total extra services selected"
}