{
  "Type" : "Decision",
  "Description" : "Days from pickup to drop",
  "Reusability" : "Private",
  "DefaultReturn" : {
    "Type" : "ConstantInteger",
    "Value" : "123"
  },
  "SchemaVersion" : "0-0-1",
  "LogicType" : "Expression",
  "AppliesTo" : {
    "ReferenceID" : "Servicerequest",
    "Namespace" : "GoMechanic"
  },
  "Output" : {
    "Mode" : "Integer"
  },
  "RuleResolutionID" : "DaysFromPickupToDrop",
  "Code" : "added",
  "Namespace" : "GoMechanic",
  "Name" : "Days from pickup to drop"
}