{
  "Type" : "Decision",
  "Description" : "Length of description text",
  "Reusability" : "Private",
  "DefaultReturn" : {
    "Type" : "CallExpression",
    "CallType" : "Function",
    "CallReference" : {
      "Type" : "RuleReference",
      "Namespace" : "PegaPlatform",
      "ReferenceID" : "Length",
      "ReferenceScope" : {
        "Type" : "RuleReference",
        "Namespace" : "PegaPlatform",
        "ReferenceID" : "Text"
      }
    },
    "CallInputs" : [ {
      "Type" : "CallInput",
      "ParameterName" : "Param0",
      "Source" : {
        "Type" : "CallExpression",
        "CallType" : "Function",
        "CallReference" : {
          "Type" : "RuleReference",
          "Namespace" : "PegaPlatform",
          "ReferenceID" : "Trim",
          "ReferenceScope" : {
            "Type" : "RuleReference",
            "Namespace" : "PegaPlatform",
            "ReferenceID" : "Text"
          }
        },
        "CallInputs" : [ {
          "Type" : "CallInput",
          "ParameterName" : "Param0",
          "Source" : {
            "Type" : "FieldReference",
            "Root" : {
              "Type" : "Variable",
              "Name" : "Primary"
            },
            "Field" : {
              "Type" : "RuleReference",
              "Namespace" : "GoMechanic",
              "ReferenceID" : "Description"
            }
          }
        } ]
      }
    } ]
  },
  "SchemaVersion" : "0-0-1",
  "LogicType" : "Expression",
  "AppliesTo" : {
    "ReferenceID" : "Servicerequest",
    "Namespace" : "GoMechanic"
  },
  "Output" : {
    "Mode" : "Integer"
  },
  "RuleResolutionID" : "LengthOfDescriptionText",
  "Code" : "added",
  "Namespace" : "GoMechanic",
  "Name" : "Length of description text"
}