{
  "Type" : "Decision",
  "Description" : "",
  "Reusability" : "Private",
  "DefaultReturn" : {
    "Type" : "ExpressionGroup",
    "ExpressionType" : "||",
    "Expressions" : [ {
      "Type" : "ExpressionGroup",
      "ExpressionType" : "Group",
      "ExpressionGroup" : {
        "Type" : "ExpressionGroup",
        "ExpressionType" : "==",
        "Expressions" : [ {
          "Type" : "FieldReference",
          "Root" : {
            "Type" : "Variable",
            "Name" : "Primary"
          },
          "Field" : {
            "Type" : "RuleReference",
            "Namespace" : "GoMechanic",
            "ReferenceID" : "DealerName"
          }
        }, {
          "Type" : "ConstantText",
          "Value" : ""
        } ]
      }
    }, {
      "Type" : "ExpressionGroup",
      "ExpressionType" : "Group",
      "ExpressionGroup" : {
        "Type" : "ExpressionGroup",
        "ExpressionType" : "==",
        "Expressions" : [ {
          "Type" : "FieldReference",
          "Root" : {
            "Type" : "Variable",
            "Name" : "Primary"
          },
          "Field" : {
            "Type" : "RuleReference",
            "Namespace" : "GoMechanic",
            "ReferenceID" : "ServiceArea"
          }
        }, {
          "Type" : "ConstantText",
          "Value" : ""
        } ]
      }
    } ]
  },
  "SchemaVersion" : "0-0-1",
  "LogicType" : "Expression",
  "AppliesTo" : {
    "ReferenceID" : "Servicedealer",
    "Namespace" : "GoMechanic"
  },
  "Output" : {
    "Mode" : "Boolean"
  },
  "RuleResolutionID" : "ServiceDealerValidation",
  "Code" : "added",
  "Namespace" : "GoMechanic",
  "Name" : "Service dealer validation"
}