{
  "Type" : "Decision",
  "Description" : "",
  "Reusability" : "Private",
  "DefaultReturn" : {
    "Type" : "ExpressionGroup",
    "ExpressionType" : "&&",
    "Expressions" : [ {
      "Type" : "ExpressionGroup",
      "ExpressionType" : "Group",
      "ExpressionGroup" : {
        "Type" : "ExpressionGroup",
        "ExpressionType" : "<",
        "Expressions" : [ {
          "Type" : "CallExpression",
          "CallType" : "Function",
          "CallReference" : {
            "Type" : "RuleReference",
            "Namespace" : "PegaPlatform",
            "ReferenceID" : "Length",
            "ReferenceScope" : {
              "Type" : "RuleReference",
              "Namespace" : "PegaPlatform",
              "ReferenceID" : "Text"
            }
          },
          "CallInputs" : [ {
            "Type" : "CallInput",
            "ParameterName" : "Param0",
            "Source" : {
              "Type" : "CallExpression",
              "CallType" : "Function",
              "CallReference" : {
                "Type" : "RuleReference",
                "Namespace" : "PegaPlatform",
                "ReferenceID" : "Trim",
                "ReferenceScope" : {
                  "Type" : "RuleReference",
                  "Namespace" : "PegaPlatform",
                  "ReferenceID" : "Text"
                }
              },
              "CallInputs" : [ {
                "Type" : "CallInput",
                "ParameterName" : "Param0",
                "Source" : {
                  "Type" : "FieldReference",
                  "Root" : {
                    "Type" : "Variable",
                    "Name" : "Primary"
                  },
                  "Field" : {
                    "Type" : "RuleReference",
                    "Namespace" : "GoMechanic",
                    "ReferenceID" : "Description"
                  }
                }
              } ]
            }
          } ]
        }, {
          "Type" : "ConstantInteger",
          "Value" : "120"
        } ]
      }
    }, {
      "Type" : "ExpressionGroup",
      "ExpressionType" : "Group",
      "ExpressionGroup" : {
        "Type" : "ExpressionGroup",
        "ExpressionType" : "==",
        "Expressions" : [ {
          "Type" : "FieldReference",
          "Root" : {
            "Type" : "Variable",
            "Name" : "Primary"
          },
          "Field" : {
            "Type" : "RuleReference",
            "Namespace" : "GoMechanic",
            "ReferenceID" : "UserIssue"
          }
        }, {
          "Type" : "ConstantText",
          "Value" : "Other"
        } ]
      }
    } ]
  },
  "SchemaVersion" : "0-0-1",
  "LogicType" : "Expression",
  "AppliesTo" : {
    "ReferenceID" : "Servicerequest",
    "Namespace" : "GoMechanic"
  },
  "Output" : {
    "Mode" : "Boolean"
  },
  "RuleResolutionID" : "DescriptionLengthLessThan120",
  "Code" : "added",
  "Namespace" : "GoMechanic",
  "Name" : "Description length less than 120"
}