{
  "Type" : "Decision",
  "Description" : "This is used to retrieve a list of ApprovePurchase that are associated with a specific PurchaseRequest.",
  "Reusability" : "Private",
  "DefaultReturn" : {
    "Type" : "CallExpression",
    "CallReference" : {
      "ReferenceID" : "ApprovePurchaseListByPurchaseRequestId",
      "Namespace" : "GoMechanic"
    },
    "CallType" : "DataPage",
    "CallInputs" : [ {
      "Type" : "CallInput",
      "ParameterName" : "ID",
      "Source" : {
        "Type" : "FieldReference",
        "Root" : {
          "Type" : "Variable",
          "Name" : "Primary"
        },
        "Field" : {
          "Type" : "RuleReference",
          "ReferenceID" : "ID",
          "Namespace" : "PegaPlatform"
        }
      }
    } ]
  },
  "SchemaVersion" : "0-1-0",
  "LogicType" : "Expression",
  "AppliesTo" : {
    "ReferenceID" : "PurchaseRequest",
    "Namespace" : "GoMechanic"
  },
  "Output" : {
    "Mode" : "SingleRecord",
    "ObjectType" : {
      "Type" : "TypeReference",
      "TypeReferenceID" : "List",
      "TypeArguments" : [ {
        "Type" : "TypeReference",
        "TypeReferenceID" : "ApprovePurchase",
        "Namespace" : "GoMechanic"
      } ]
    }
  },
  "RuleResolutionID" : "ApprovePurchaseListByPurchaseRequestId",
  "Code" : "added",
  "Namespace" : "GoMechanic",
  "Name" : "Approve Purchase list  by PurchaseRequest Id"
}