{
  "Type" : "Decision",
  "Description" : "",
  "Reusability" : "Private",
  "DefaultReturn" : {
    "Type" : "CallExpression",
    "CallType" : "Function",
    "CallReference" : {
      "Type" : "RuleReference",
      "Namespace" : "PegaPlatform",
      "ReferenceID" : "Contains",
      "ReferenceScope" : {
        "Type" : "RuleReference",
        "Namespace" : "PegaPlatform",
        "ReferenceID" : "List"
      }
    },
    "CallInputs" : [ {
      "Type" : "CallInput",
      "ParameterName" : "Param0",
      "Source" : {
        "Type" : "FieldReference",
        "Root" : {
          "Type" : "Variable",
          "Name" : "Primary"
        },
        "Field" : {
          "Type" : "RuleReference",
          "Namespace" : "GoMechanic",
          "ReferenceID" : "ExtraServices"
        }
      }
    }, {
      "Type" : "CallInput",
      "ParameterName" : "Param1",
      "Source" : {
        "Type" : "ConstantRuleReference",
        "RuleType" : "When",
        "ReferencedRule" : {
          "Type" : "RuleReference",
          "Namespace" : "GoMechanic",
          "ReferenceID" : "IsPaintingSelected"
        }
      }
    } ]
  },
  "SchemaVersion" : "0-0-1",
  "LogicType" : "Expression",
  "Output" : {
    "Mode" : "Boolean"
  },
  "AppliesTo" : {
    "ReferenceID" : "Servicerequest",
    "Namespace" : "GoMechanic"
  },
  "RuleResolutionID" : "ISPaintingSelected",
  "Code" : "added",
  "Namespace" : "GoMechanic",
  "Name" : "ISPaintingSelected"
}