{
  "Type" : "Decision",
  "Description" : "This is used to retrieve a list of Servicerequest that are associated with a specific Servicedealer.",
  "Reusability" : "Private",
  "DefaultReturn" : {
    "Type" : "CallExpression",
    "CallReference" : {
      "ReferenceID" : "ServicerequestListByServicedealerId",
      "Namespace" : "GoMechanic"
    },
    "CallType" : "DataPage",
    "CallInputs" : [ {
      "Type" : "CallInput",
      "ParameterName" : "ID",
      "Source" : {
        "Type" : "FieldReference",
        "Root" : {
          "Type" : "Variable",
          "Name" : "Primary"
        },
        "Field" : {
          "Type" : "RuleReference",
          "ReferenceID" : "ID",
          "Namespace" : "PegaPlatform"
        }
      }
    } ]
  },
  "SchemaVersion" : "0-0-1",
  "LogicType" : "Expression",
  "AppliesTo" : {
    "ReferenceID" : "Servicedealer",
    "Namespace" : "GoMechanic"
  },
  "Output" : {
    "Mode" : "SingleRecord",
    "ObjectType" : {
      "Type" : "TypeReference",
      "TypeReferenceID" : "List",
      "TypeArguments" : [ {
        "Type" : "TypeReference",
        "TypeReferenceID" : "Servicerequest",
        "Namespace" : "GoMechanic"
      } ]
    }
  },
  "RuleResolutionID" : "ServicerequestListByServicedealerId",
  "Code" : "added",
  "Namespace" : "GoMechanic",
  "Name" : "Servicerequest list by Servicedealer Id"
}