{
  "Type" : "Decision",
  "Description" : "",
  "Reusability" : "Private",
  "DefaultReturn" : {
    "Type" : "ExpressionGroup",
    "ExpressionType" : "==",
    "Expressions" : [ {
      "Type" : "FieldReference",
      "Root" : {
        "Type" : "Variable",
        "Name" : "Primary"
      },
      "Field" : {
        "Type" : "RuleReference",
        "Namespace" : "GoMechanic",
        "ReferenceID" : "ParallelServicesCount"
      }
    }, {
      "Type" : "ConstantInteger",
      "Value" : "1"
    } ]
  },
  "SchemaVersion" : "0-0-1",
  "LogicType" : "Expression",
  "Output" : {
    "Mode" : "Boolean"
  },
  "AppliesTo" : {
    "ReferenceID" : "ExtraServices",
    "Namespace" : "GoMechanic"
  },
  "RuleResolutionID" : "NoOfParallelServicesAccomodate",
  "Code" : "added",
  "Namespace" : "GoMechanic",
  "Name" : "No of parallel services accomodate"
}