{
  "Type" : "Decision",
  "Description" : "",
  "Reusability" : "Private",
  "DefaultReturn" : {
    "ExpressionType" : "",
    "Expressions" : [ {
      "Type" : "Condition",
      "OperandOne" : {
        "Type" : "FieldReference",
        "Field" : {
          "ReferenceID" : "NumberOfTyres",
          "Namespace" : "GoMechanic",
          "Type" : "RuleReference"
        },
        "Root" : {
          "Type" : "Variable",
          "Name" : "Primary"
        }
      },
      "Comparator" : "==",
      "OperandTwo" : {
        "Value" : 2,
        "Type" : "ConstantInteger"
      }
    } ],
    "Type" : "ExpressionGroup"
  },
  "SchemaVersion" : "0-0-1",
  "LogicType" : "Builder",
  "AppliesTo" : {
    "ReferenceID" : "Servicerequest",
    "Namespace" : "GoMechanic"
  },
  "Output" : {
    "Mode" : "SingleRecord",
    "ObjectType" : {
      "TypeReferenceID" : "Boolean",
      "Type" : "TypeReference",
      "Namespace" : "PegaPlatform"
    }
  },
  "RuleResolutionID" : "TestTireCount",
  "Code" : "",
  "Namespace" : "GoMechanic",
  "Name" : "TestTireCount"
}