{
  "Type" : "Decision",
  "Description" : "",
  "Reusability" : "Private",
  "DefaultReturn" : {
    "Type" : "CallExpression",
    "CallType" : "Automation",
    "CallReference" : {
      "Type" : "RuleReference",
      "ReferenceID" : "CountOfSelectedServices",
      "Namespace" : "GoMechanic"
    },
    "CallResource" : {
      "Type" : "Variable",
      "Name" : "Primary"
    }
  },
  "SchemaVersion" : "0-0-1",
  "LogicType" : "Expression",
  "AppliesTo" : {
    "ReferenceID" : "Servicedealer",
    "Namespace" : "GoMechanic"
  },
  "Output" : {
    "ObjectType" : {
      "TypeReferenceID" : "Integer",
      "Namespace" : "PegaPlatform",
      "Type" : "TypeReference"
    },
    "Mode" : "SingleRecord"
  },
  "RuleResolutionID" : "NumberOfServicesSelected",
  "Code" : "",
  "Namespace" : "GoMechanic",
  "Name" : "Number Of Services Selected"
}