{
  "Description" : "",
  "Reusability" : "Private",
  "SchemaVersion" : "0-0-1",
  "LogicType" : "Table",
  "AppliesTo" : {
    "ReferenceID" : "Servicerequest",
    "Namespace" : "GoMechanic"
  },
  "Code" : "",
  "Namespace" : "GoMechanic",
  "Name" : "Is vehicle make serivceable",
  "Type" : "Decision",
  "DefaultReturn" : {
    "Value" : false,
    "Type" : "ConstantBoolean"
  },
  "RuleResolutionID" : "IsVehicleMakeSerivceable",
  "Output" : {
    "Mode" : "Boolean"
  },
  "Logic" : {
    "Type" : "TableLogic",
    "Headers" : [ {
      "Label" : "Make",
      "Source" : {
        "Type" : "FieldReference",
        "Field" : {
          "Type" : "RuleReference",
          "Namespace" : "GoMechanic",
          "ReferenceID" : "Make"
        },
        "Root" : {
          "Type" : "Variable",
          "Name" : "Primary"
        }
      },
      "Comparator" : {
        "Type" : "OperatorComparator",
        "Operator" : "=="
      }
    } ],
    "Rows" : [ {
      "Columns" : [ {
        "CellRows" : [ {
          "Type" : "ExpressionCell",
          "Expression" : {
            "Value" : "Hyundai",
            "Type" : "ConstantText"
          }
        } ],
        "Type" : "SimpleColumn"
      } ]
    } ],
    "ReturnColumn" : [ {
      "Type" : "ConstantBoolean",
      "Value" : true
    } ]
  }
}