{
  "Type" : "Decision",
  "Description" : "to calculate the purchase cost",
  "Reusability" : "Private",
  "DefaultReturn" : {
    "Type" : "ExpressionGroup",
    "ExpressionType" : "*",
    "Expressions" : [ {
      "Type" : "FieldReference",
      "Root" : {
        "Type" : "Variable",
        "Name" : "Primary"
      },
      "Field" : {
        "Type" : "RuleReference",
        "ReferenceID" : "CostPerItem",
        "Namespace" : "GoMechanic"
      }
    }, {
      "Type" : "FieldReference",
      "Root" : {
        "Type" : "Variable",
        "Name" : "Primary"
      },
      "Field" : {
        "Type" : "RuleReference",
        "ReferenceID" : "Quantity",
        "Namespace" : "GoMechanic"
      }
    } ]
  },
  "SchemaVersion" : "0-1-0",
  "LogicType" : "Expression",
  "AppliesTo" : {
    "ReferenceID" : "PurchaseRequest",
    "Namespace" : "GoMechanic"
  },
  "Output" : {
    "ObjectType" : {
      "TypeReferenceID" : "Decimal",
      "Namespace" : "PegaPlatform",
      "Type" : "TypeReference",
      "Format" : {
        "ReferenceID" : "Currency",
        "Namespace" : "PegaPlatform",
        "Type" : "RuleReference"
      }
    },
    "Mode" : "SingleRecord"
  },
  "RuleResolutionID" : "PurchaseCost",
  "Namespace" : "GoMechanic",
  "Name" : "PurchaseCost"
}