{
  "Type" : "Decision",
  "Description" : "",
  "Reusability" : "Private",
  "DefaultReturn" : {
    "Type" : "FieldReference",
    "Root" : {
      "Type" : "Variable",
      "Name" : "Primary"
    },
    "Field" : {
      "Type" : "RuleReference",
      "Namespace" : "GoMechanic",
      "ReferenceID" : "FinalPrice"
    }
  },
  "SchemaVersion" : "0-0-1",
  "LogicType" : "Expression",
  "Output" : {
    "Mode" : "Decimal"
  },
  "AppliesTo" : {
    "ReferenceID" : "ExtraServices",
    "Namespace" : "GoMechanic"
  },
  "RuleResolutionID" : "ServicePrice",
  "Code" : "added",
  "Namespace" : "GoMechanic",
  "Name" : "Service price"
}