{
  "ResourceParams" : [ {
    "EmptyBehavior" : "",
    "ValueType" : "CONSTANT",
    "Value" : "manufacturers",
    "EncodingType" : "URL",
    "ParamValue" : {
      "Type" : "ConstantText",
      "Value" : ""
    },
    "Name" : "manufacturers"
  } ],
  "Description" : "Get car makers",
  "Reusability" : "Private",
  "IsSystemGenerated" : false,
  "SchemaVersion" : "0-1-1",
  "Timeout" : 1000,
  "AppliesTo" : {
    "Type" : "",
    "ReferenceID" : "CarMakers",
    "Namespace" : "GoMechanic"
  },
  "Method" : "GET",
  "IntegrationSystem" : {
    "ReferenceID" : "manufacturers",
    "Namespace" : "GoMechanic"
  },
  "Namespace" : "GoMechanic",
  "Name" : "Get car makers",
  "Type" : "RESTConnector",
  "RuleResolutionID" : "GetCarMakers",
  "Output" : {
    "ObjectType" : {
      "Type" : "",
      "ReferenceID" : "CarMakers",
      "Namespace" : "GoMechanic"
    },
    "Mode" : "Text"
  },
  "RequestBody" : {
    "ValueType" : "",
    "Value" : "",
    "Name" : ""
  }
}