{
  "MappingType" : "default",
  "ResourceParams" : [ {
    "EmptyBehavior" : "",
    "EncodingType" : "NONE",
    "ParamValue" : {
      "Type" : "ConstantText",
      "Value" : "api"
    },
    "Name" : "api"
  }, {
    "EmptyBehavior" : "",
    "EncodingType" : "NONE",
    "ParamValue" : {
      "Type" : "ConstantText",
      "Value" : "v1"
    },
    "Name" : "v1"
  }, {
    "EmptyBehavior" : "",
    "EncodingType" : "NONE",
    "ParamValue" : {
      "Type" : "ConstantText",
      "Value" : "feedbacks"
    },
    "Name" : "feedbacks"
  } ],
  "Description" : "",
  "Reusability" : "Private",
  "IsSystemGenerated" : false,
  "SchemaVersion" : "0-1-1",
  "Timeout" : 0,
  "AppliesTo" : {
    "Type" : "",
    "ReferenceID" : "Servicerequest",
    "Namespace" : "GoMechanic"
  },
  "Method" : "POST",
  "IntegrationSystem" : {
    "ReferenceID" : "AgileStudio",
    "Namespace" : "GoMechanic"
  },
  "Namespace" : "GoMechanic",
  "Name" : "CaptureFeedback",
  "Type" : "RESTConnector",
  "RuleResolutionID" : "CaptureFeedback",
  "Output" : {
    "ObjectType" : {
      "Type" : "RuleReference",
      "ReferenceID" : ""
    },
    "Mode" : "Text"
  },
  "Inputs" : [ {
    "DefaultValue" : "",
    "Type" : "",
    "Description" : "reqJSON",
    "Required" : "false",
    "Mode" : "Text",
    "Name" : "reqJSON"
  } ],
  "RequestBody" : {
    "ValueType" : "",
    "Value" : "reqJSON",
    "Name" : ""
  }
}